,nid,pitch,onset,duration,label
0,0,45,-1.0,1.0,0
1,1,57,-1.0,1.0,0
2,2,50,0.0,1.0,0
3,3,62,0.0,1.0,0
4,4,45,1.0,1.0,0
5,5,57,1.0,1.0,0
6,6,50,2.0,1.0,0
7,7,62,2.0,1.0,0
8,8,54,3.0,1.0,0
9,9,66,3.0,1.0,0
10,10,50,4.0,1.0,0
11,11,62,4.0,1.0,0
12,12,54,5.0,1.0,0
13,13,66,5.0,1.0,0
14,14,57,6.0,2.0,0
15,15,69,6.0,2.0,0
16,16,57,8.0,1.0,0
17,17,69,8.0,1.0,0
18,18,57,9.0,2.0,0
19,19,69,9.0,2.0,0
20,20,67,11.0,1.0,0
21,21,69,11.0,2.0,0
22,22,73,11.0,0.5,0
23,23,71,11.5,0.25,0
24,24,73,11.75,0.25,0
25,25,66,12.0,1.0,0
26,26,74,12.0,1.0,0
27,27,61,14.0,1.0,0
28,28,69,14.0,2.0,0
29,29,76,14.0,0.5,0
30,30,74,14.5,0.25,0
31,31,76,14.75,0.25,0
32,32,62,15.0,1.0,0
33,33,78,15.0,1.0,0
34,34,55,17.0,1.0,0
35,35,64,17.0,1.0,0
36,36,81,17.0,0.5,0
37,37,79,17.5,0.5,0
38,38,57,18.0,4.0,0
39,39,62,18.0,3.0,0
40,40,78,18.0,3.0,0
41,41,61,21.0,1.0,0
42,42,76,21.0,1.0,0
43,43,47,23.0,1.0,0
44,44,59,23.0,1.0,0
45,45,52,24.0,1.0,0
46,46,64,24.0,1.0,0
47,47,47,25.0,1.0,0
48,48,59,25.0,1.0,0
49,49,52,26.0,1.0,0
50,50,64,26.0,1.0,0
51,51,55,27.0,1.0,0
52,52,67,27.0,1.0,0
53,53,52,28.0,1.0,0
54,54,64,28.0,1.0,0
55,55,55,29.0,1.0,0
56,56,67,29.0,1.0,0
57,57,59,30.0,2.0,0
58,58,71,30.0,2.0,0
59,59,59,32.0,1.0,0
60,60,71,32.0,1.0,0
61,61,59,33.0,2.0,0
62,62,71,33.0,2.0,0
63,63,66,35.0,1.0,0
64,64,69,35.0,1.0,0
65,65,75,35.0,1.0,0
66,66,67,36.0,2.0,0
67,67,71,36.0,2.0,0
68,68,78,36.0,0.5,0
69,69,76,36.5,0.5,0
70,70,79,37.0,0.5,0
71,71,78,37.5,0.5,0
72,72,81,38.0,0.5,0
73,73,79,38.5,0.5,0
74,74,83,39.0,2.0,0
75,75,57,41.0,1.0,0
76,76,64,41.0,1.0,0
77,77,73,41.0,1.0,0
78,78,62,42.0,4.0,0
79,79,67,42.0,3.0,0
80,80,76,42.0,3.0,0
81,81,66,45.0,1.0,0
82,82,74,45.0,1.0,0
83,83,45,47.0,1.0,0
84,84,50,48.0,1.0,0
85,85,45,49.0,1.0,0
86,86,74,49.0,1.0,0
87,87,50,50.0,1.0,0
88,88,78,50.0,1.0,0
89,89,54,51.0,1.0,0
90,90,81,51.0,1.0,0
91,91,50,52.0,1.0,0
92,92,78,52.0,1.0,0
93,93,54,53.0,1.0,0
94,94,86,53.0,1.5,0
95,95,57,54.0,2.0,0
96,96,85,54.5,0.5,0
97,97,88,55.0,0.5,0
98,98,86,55.5,0.5,0
99,99,57,56.0,1.0,0
100,100,85,56.0,0.5,0
101,101,83,56.5,0.5,0
102,102,57,57.0,2.0,0
103,103,81,57.0,0.5,0
104,104,83,57.5,0.5,0
105,105,81,58.0,0.5,0
106,106,79,58.5,0.5,0
107,107,61,59.0,1.0,0
108,108,78,59.0,0.5,0
109,109,76,59.5,0.5,0
110,110,62,60.0,1.0,0
111,111,78,60.0,0.5,0
112,112,81,60.5,0.5,0
113,113,78,61.0,0.5,0
114,114,74,61.5,0.5,0
115,115,64,62.0,1.0,0
116,116,73,62.0,0.5,0
117,117,69,62.5,0.5,0
118,118,66,63.0,1.0,0
119,119,74,63.0,0.5,0
120,120,73,63.5,0.5,0
121,121,74,64.0,0.5,0
122,122,78,64.5,0.5,0
123,123,67,65.0,1.0,0
124,124,76,65.0,0.5,0
125,125,79,65.5,0.5,0
126,126,57,66.0,4.0,0
127,127,66,66.0,3.0,0
128,128,74,66.0,3.0,0
129,129,64,69.0,1.0,0
130,130,73,69.0,1.0,0
131,131,47,71.0,1.0,0
132,132,52,72.0,1.0,0
133,133,47,73.0,1.0,0
134,134,76,73.0,1.0,0
135,135,52,74.0,1.0,0
136,136,79,74.0,1.0,0
137,137,55,75.0,1.0,0
138,138,83,75.0,1.0,0
139,139,52,76.0,1.0,0
140,140,79,76.0,1.0,0
141,141,55,77.0,1.0,0
142,142,88,77.0,1.5,0
143,143,59,78.0,2.0,0
144,144,87,78.5,0.5,0
145,145,84,79.0,0.5,0
146,146,83,79.5,0.5,0
147,147,59,80.0,1.0,0
148,148,81,80.0,0.5,0
149,149,79,80.5,0.5,0
150,150,59,81.0,2.0,0
151,151,78,81.0,0.5,0
152,152,76,81.5,0.5,0
153,153,75,82.0,0.5,0
154,154,72,82.5,0.5,0
155,155,63,83.0,1.0,0
156,156,71,83.0,0.5,0
157,157,69,83.5,0.5,0
158,158,64,84.0,2.0,0
159,159,67,84.0,0.5,0
160,160,71,84.5,0.5,0
161,161,76,85.0,0.5,0
162,162,71,85.5,0.5,0
163,163,79,86.0,0.5,0
164,164,76,86.5,0.5,0
165,165,83,87.0,1.0,0
166,166,71,88.0,1.0,0
167,167,57,89.0,1.0,0
168,168,67,89.0,1.0,0
169,169,73,89.0,1.0,0
170,170,62,90.0,1.0,0
171,171,74,90.0,2.0,0
172,172,66,91.0,1.0,0
173,173,69,92.0,1.0,0
174,174,62,93.0,1.0,0
175,175,66,94.0,1.0,0
176,176,86,94.0,0.5,0
177,177,85,94.5,0.5,0
178,178,69,95.0,1.0,0
179,179,83,95.0,0.5,0
180,180,81,95.5,0.5,0
181,181,61,96.0,1.0,1
182,182,80,96.0,0.5,1
183,183,81,96.5,0.5,0
184,184,64,97.0,1.0,0
185,185,80,97.0,0.5,0
186,186,81,97.5,0.5,0
187,187,69,98.0,1.0,0
188,188,83,98.0,0.5,0
189,189,81,98.5,0.5,0
190,190,64,99.0,1.0,0
191,191,67,100.0,1.0,0
192,192,81,100.0,0.5,0
193,193,79,100.5,0.5,0
194,194,69,101.0,1.0,0
195,195,78,101.0,0.5,0
196,196,76,101.5,0.5,0
197,197,62,102.0,1.0,0
198,198,73,102.0,0.5,0
199,199,74,102.5,0.5,0
200,200,66,103.0,1.0,0
201,201,73,103.0,0.5,0
202,202,74,103.5,0.5,0
203,203,69,104.0,1.0,0
204,204,76,104.0,0.5,0
205,205,74,104.5,0.5,0
206,206,62,105.0,1.0,0
207,207,66,106.0,1.0,0
208,208,86,106.0,0.5,0
209,209,85,106.5,0.5,0
210,210,69,107.0,1.0,0
211,211,83,107.0,0.5,0
212,212,81,107.5,0.5,0
213,213,61,108.0,1.0,0
214,214,80,108.0,0.5,0
215,215,81,108.5,0.5,0
216,216,64,109.0,1.0,0
217,217,80,109.0,0.5,0
218,218,81,109.5,0.5,0
219,219,69,110.0,1.0,0
220,220,83,110.0,0.5,0
221,221,81,110.5,0.5,0
222,222,64,111.0,1.0,0
223,223,67,112.0,1.0,0
224,224,81,112.0,0.5,0
225,225,79,112.5,0.5,0
226,226,69,113.0,1.0,0
227,227,78,113.0,0.5,0
228,228,76,113.5,0.5,0
229,229,66,114.0,2.0,0
230,230,69,114.0,2.0,0
231,231,73,114.0,0.5,0
232,232,74,114.5,0.5,0
233,233,73,115.0,0.5,0
234,234,74,115.5,0.5,0
235,235,79,116.0,0.5,0
236,236,78,116.5,0.5,0
237,237,61,117.0,2.0,0
238,238,69,117.0,2.0,0
239,239,75,117.0,0.5,0
240,240,76,117.5,0.5,0
241,241,75,118.0,0.5,0
242,242,76,118.5,0.5,0
243,243,81,119.0,0.5,0
244,244,79,119.5,0.5,0
245,245,62,120.0,2.0,0
246,246,69,120.0,2.0,0
247,247,77,120.0,0.5,0
248,248,78,120.5,0.5,0
249,249,77,121.0,0.5,0
250,250,78,121.5,0.5,0
251,251,83,122.0,0.5,0
252,252,81,122.5,0.5,0
253,253,64,123.0,1.0,0
254,254,69,123.0,3.0,0
255,255,81,123.0,0.5,0
256,256,79,123.5,0.5,0
257,257,66,124.0,1.0,0
258,258,78,124.0,0.5,0
259,259,76,124.5,0.5,0
260,260,67,125.0,1.0,0
261,261,74,125.0,0.5,0
262,262,73,125.5,0.5,0
263,263,66,126.0,2.0,0
264,264,69,126.0,2.0,0
265,265,73,126.0,0.5,0
266,266,74,126.5,0.5,0
267,267,73,127.0,0.5,0
268,268,74,127.5,0.5,0
269,269,79,128.0,0.5,0
270,270,78,128.5,0.5,0
271,271,61,129.0,2.0,0
272,272,69,129.0,2.0,0
273,273,75,129.0,0.5,0
274,274,76,129.5,0.5,0
275,275,75,130.0,0.5,0
276,276,76,130.5,0.5,0
277,277,81,131.0,0.5,0
278,278,79,131.5,0.5,0
279,279,62,132.0,2.0,0
280,280,69,132.0,2.0,0
281,281,77,132.0,0.5,0
282,282,78,132.5,0.5,0
283,283,77,133.0,0.5,0
284,284,78,133.5,0.5,0
285,285,83,134.0,0.5,0
286,286,81,134.5,0.5,0
287,287,64,135.0,1.0,0
288,288,69,135.0,3.0,0
289,289,81,135.0,0.5,0
290,290,79,135.5,0.5,0
291,291,66,136.0,1.0,0
292,292,78,136.0,0.5,0
293,293,76,136.5,0.5,0
294,294,67,137.0,1.0,0
295,295,74,137.0,0.5,0
296,296,73,137.5,0.5,0
297,297,66,138.0,2.0,0
298,298,69,138.0,2.0,0
299,299,74,138.5,0.5,0
300,300,78,139.0,0.5,0
301,301,81,139.5,0.5,0
302,302,64,140.0,1.0,0
303,303,67,140.0,1.0,0
304,304,86,140.0,0.5,0
305,305,85,140.5,0.5,0
306,306,62,141.0,2.0,0
307,307,66,141.0,2.0,0
308,308,71,141.5,0.5,0
309,309,74,142.0,0.5,0
310,310,78,142.5,0.5,0
311,311,61,143.0,1.0,0
312,312,64,143.0,1.0,0
313,313,83,143.0,0.5,0
314,314,81,143.5,0.5,0
315,315,59,144.0,2.0,0
316,316,62,144.0,2.0,0
317,317,67,144.5,0.5,0
318,318,71,145.0,0.5,0
319,319,74,145.5,0.5,0
320,320,57,146.0,1.0,0
321,321,61,146.0,1.0,0
322,322,79,146.0,0.5,0
323,323,78,146.5,0.5,0
324,324,55,147.0,2.0,0
325,325,59,147.0,2.0,0
326,326,64,147.5,0.5,0
327,327,67,148.0,0.5,0
328,328,71,148.5,0.5,0
329,329,56,149.0,1.0,0
330,330,59,149.0,1.0,0
331,331,76,149.0,0.5,0
332,332,74,149.5,0.5,0
333,333,57,150.0,0.5,0
334,334,73,150.0,1.0,0
335,335,64,150.5,0.5,0
336,336,61,151.0,0.5,0
337,337,81,151.0,1.0,0
338,338,64,151.5,0.5,0
339,339,62,152.0,0.5,0
340,340,74,152.0,1.0,0
341,341,78,152.0,1.0,0
342,342,66,152.5,0.5,0
343,343,57,153.0,0.5,0
344,344,73,153.0,1.0,0
345,345,76,153.0,1.0,0
346,346,64,153.5,0.5,0
347,347,61,154.0,0.5,0
348,348,81,154.0,1.0,0
349,349,64,154.5,0.5,0
350,350,62,155.0,0.5,0
351,351,74,155.0,1.0,0
352,352,78,155.0,1.0,0
353,353,66,155.5,0.5,0
354,354,57,156.0,1.0,1
355,355,64,156.0,1.0,1
356,356,73,156.0,1.0,1
357,357,76,156.0,1.0,1
358,358,81,157.0,1.0,0
359,359,45,158.0,1.0,0
360,360,57,158.0,1.0,0
361,361,69,158.0,1.0,0
362,362,45,159.0,1.0,0
363,363,57,159.0,1.0,0
364,364,69,159.0,1.0,0
365,365,76,161.0,1.0,0
366,366,64,162.0,1.0,0
367,367,81,162.0,1.0,0
368,368,69,163.0,1.0,0
369,369,76,163.0,1.0,0
370,370,64,164.0,1.0,0
371,371,81,164.0,1.0,0
372,372,69,165.0,1.0,0
373,373,85,165.0,1.0,0
374,374,73,166.0,1.0,0
375,375,81,166.0,1.0,0
376,376,69,167.0,1.0,0
377,377,85,167.0,1.0,0
378,378,73,168.0,1.0,0
379,379,88,168.0,0.5,0
380,380,86,168.5,0.5,0
381,381,76,169.0,0.5,0
382,382,85,169.0,0.5,0
383,383,74,169.5,0.5,0
384,384,83,169.5,0.5,0
385,385,73,170.0,0.5,0
386,386,82,170.0,0.5,0
387,387,71,170.5,0.5,0
388,388,80,170.5,0.5,0
389,389,70,171.0,0.5,0
390,390,78,171.0,0.5,0
391,391,68,171.5,0.5,0
392,392,76,171.5,0.5,0
393,393,66,172.0,0.5,0
394,394,74,172.0,0.5,0
395,395,64,172.5,0.5,0
396,396,73,172.5,0.5,0
397,397,62,173.0,0.5,0
398,398,71,173.0,0.5,0
399,399,61,173.5,0.5,0
400,400,70,173.5,0.5,0
401,401,59,174.0,0.5,0
402,402,71,174.0,1.0,0
403,403,58,174.5,0.5,0
404,404,59,175.0,1.0,0
405,405,66,175.0,1.0,0
406,406,54,176.0,1.0,0
407,407,71,176.0,1.0,0
408,408,59,177.0,1.0,0
409,409,74,177.0,1.0,0
410,410,62,178.0,1.0,0
411,411,71,178.0,1.0,0
412,412,59,179.0,1.0,0
413,413,74,179.0,1.0,0
414,414,62,180.0,1.0,0
415,415,78,180.0,0.5,0
416,416,76,180.5,0.5,0
417,417,66,181.0,0.5,0
418,418,74,181.0,0.5,0
419,419,64,181.5,0.5,0
420,420,73,181.5,0.5,0
421,421,62,182.0,0.5,0
422,422,71,182.0,0.5,0
423,423,61,182.5,0.5,0
424,424,70,182.5,0.5,0
425,425,59,183.0,0.5,0
426,426,74,183.0,0.5,0
427,427,58,183.5,0.5,0
428,428,73,183.5,0.5,0
429,429,62,184.0,0.5,0
430,430,71,184.0,0.5,0
431,431,61,184.5,0.5,0
432,432,69,184.5,0.5,0
433,433,59,185.0,0.5,0
434,434,68,185.0,0.5,0
435,435,57,185.5,0.5,0
436,436,66,185.5,0.5,0
437,437,56,186.0,0.5,0
438,438,64,186.0,1.0,0
439,439,54,186.5,0.5,0
440,440,52,187.0,1.0,0
441,441,59,187.0,1.0,0
442,442,47,188.0,1.0,0
443,443,64,188.0,1.0,0
444,444,52,189.0,1.0,0
445,445,68,189.0,1.0,0
446,446,56,190.0,1.0,0
447,447,64,190.0,1.0,0
448,448,52,191.0,1.0,0
449,449,68,191.0,1.0,0
450,450,56,192.0,1.0,0
451,451,71,192.0,0.5,0
452,452,73,192.5,0.5,0
453,453,59,193.0,0.5,0
454,454,74,193.0,0.5,0
455,455,61,193.5,0.5,0
456,456,73,193.5,0.5,0
457,457,62,194.0,0.5,0
458,458,71,194.0,0.5,0
459,459,61,194.5,0.5,0
460,460,69,194.5,0.5,0
461,461,59,195.0,0.5,0
462,462,68,195.0,0.5,0
463,463,57,195.5,0.5,0
464,464,66,195.5,0.5,0
465,465,56,196.0,0.5,0
466,466,64,196.0,0.5,0
467,467,54,196.5,0.5,0
468,468,66,196.5,0.5,0
469,469,56,197.0,0.5,0
470,470,62,197.0,0.5,0
471,471,52,197.5,0.5,0
472,472,64,197.5,0.5,0
473,473,57,198.0,2.0,0
474,474,61,198.0,0.5,0
475,475,64,198.5,0.5,0
476,476,63,199.0,0.5,0
477,477,64,199.5,0.5,0
478,478,66,200.0,0.5,0
479,479,64,200.5,0.5,0
480,480,57,201.0,2.0,0
481,481,61,201.0,2.0,0
482,482,69,201.0,0.5,0
483,483,64,201.5,0.5,0
484,484,63,202.0,0.5,0
485,485,64,202.5,0.5,0
486,486,66,203.0,0.5,0
487,487,64,203.5,0.5,0
488,488,56,204.0,2.0,0
489,489,59,204.0,0.5,0
490,490,64,204.5,0.5,0
491,491,63,205.0,0.5,0
492,492,64,205.5,0.5,0
493,493,57,206.0,1.0,0
494,494,61,206.0,0.5,0
495,495,64,206.5,0.5,0
496,496,59,207.0,1.0,0
497,497,62,207.0,0.5,0
498,498,64,207.5,0.5,0
499,499,57,208.0,1.0,0
500,500,61,208.0,0.5,0
501,501,64,208.5,0.5,0
502,502,56,209.0,1.0,0
503,503,59,209.0,0.5,0
504,504,64,209.5,0.5,0
505,505,57,210.0,2.0,0
506,506,61,210.0,0.5,0
507,507,64,210.5,0.5,0
508,508,63,211.0,0.5,0
509,509,64,211.5,0.5,0
510,510,66,212.0,0.5,0
511,511,64,212.5,0.5,0
512,512,57,213.0,2.0,0
513,513,61,213.0,2.0,0
514,514,69,213.0,0.5,0
515,515,64,213.5,0.5,0
516,516,63,214.0,0.5,0
517,517,64,214.5,0.5,0
518,518,66,215.0,0.5,0
519,519,64,215.5,0.5,0
520,520,56,216.0,2.0,0
521,521,59,216.0,0.5,0
522,522,64,216.5,0.5,0
523,523,63,217.0,0.5,0
524,524,64,217.5,0.5,0
525,525,57,218.0,1.0,0
526,526,61,218.0,0.5,0
527,527,64,218.5,0.5,0
528,528,59,219.0,1.0,0
529,529,62,219.0,0.5,0
530,530,64,219.5,0.5,0
531,531,57,220.0,1.0,0
532,532,61,220.0,0.5,0
533,533,64,220.5,0.5,0
534,534,56,221.0,1.0,0
535,535,59,221.0,0.5,0
536,536,64,221.5,0.5,0
537,537,57,222.0,2.0,0
538,538,61,222.5,0.5,0
539,539,64,223.0,0.5,0
540,540,69,223.5,0.5,0
541,541,73,224.0,0.5,0
542,542,76,224.5,0.5,0
543,543,57,225.0,1.0,0
544,544,61,225.0,1.0,0
545,545,81,225.0,0.5,0
546,546,80,225.5,0.5,0
547,547,59,226.0,1.0,0
548,548,62,226.0,1.0,0
549,549,78,226.0,0.5,0
550,550,76,226.5,0.5,0
551,551,61,227.0,1.0,0
552,552,64,227.0,1.0,0
553,553,74,227.0,0.5,0
554,554,73,227.5,0.5,0
555,555,62,228.0,2.0,0
556,556,66,228.0,2.0,0
557,557,70,228.5,0.5,0
558,558,71,229.0,0.5,0
559,559,73,229.5,0.5,0
560,560,74,230.0,0.5,0
561,561,76,230.5,0.5,0
562,562,59,231.0,1.0,0
563,563,62,231.0,1.0,0
564,564,78,231.0,0.5,0
565,565,76,231.5,0.5,0
566,566,61,232.0,1.0,0
567,567,64,232.0,1.0,0
568,568,74,232.0,0.5,0
569,569,73,232.5,0.5,0
570,570,62,233.0,1.0,0
571,571,66,233.0,1.0,0
572,572,71,233.0,0.5,0
573,573,69,233.5,0.5,0
574,574,52,234.0,3.0,0
575,575,64,234.0,0.5,0
576,576,73,234.5,0.5,0
577,577,57,235.0,1.0,0
578,578,61,235.0,1.0,0
579,579,69,235.0,0.5,0
580,580,76,235.5,0.5,0
581,581,57,236.0,1.0,0
582,582,61,236.0,1.0,0
583,583,73,236.0,0.5,0
584,584,81,236.5,0.5,0
585,585,52,237.0,3.0,0
586,586,71,237.0,3.0,0
587,587,56,238.0,1.0,0
588,588,62,238.0,1.0,0
589,589,56,239.0,1.0,0
590,590,62,239.0,1.0,0
591,591,57,240.0,1.0,0
592,592,61,240.0,1.0,0
593,593,69,240.0,1.0,0
594,594,69,240.0,0.0,0
595,595,71,240.0,0.0,0
596,596,45,241.0,1.0,0
597,597,57,241.0,1.0,0
598,598,45,242.0,1.0,0
599,599,57,242.0,1.0,0
600,600,45,243.0,1.0,0
601,601,57,243.0,1.0,0
602,602,73,245.0,1.0,0
603,603,74,246.0,2.0,1
604,604,76,248.0,1.0,0
605,605,78,249.0,1.0,0
606,606,76,250.0,0.5,0
607,607,74,250.5,0.5,0
608,608,73,251.0,0.5,0
609,609,71,251.5,0.5,0
610,610,52,252.0,5.0,0
611,611,59,252.0,5.0,0
612,612,62,252.0,5.0,0
613,613,69,252.0,3.0,0
614,614,68,255.0,2.0,0
615,615,50,257.0,1.0,0
616,616,56,257.0,1.0,0
617,617,66,257.0,1.0,0
618,618,49,258.0,2.0,0
619,619,57,258.0,2.0,0
620,620,66,258.0,1.0,0
621,621,64,259.0,1.0,0
622,622,64,260.0,1.0,0
623,623,64,261.0,1.0,0
624,624,49,262.0,1.0,0
625,625,69,262.0,1.0,0
626,626,45,263.0,1.0,0
627,627,69,263.0,1.0,0
628,628,73,263.0,1.0,0
629,629,52,264.0,4.0,0
630,630,69,264.0,3.0,0
631,631,73,264.0,2.0,0
632,632,74,266.0,1.0,0
633,633,68,267.0,1.0,0
634,634,71,267.0,1.0,0
635,635,73,269.0,1.0,0
636,636,74,270.0,1.0,0
637,637,74,271.0,0.5,0
638,638,73,271.5,0.5,0
639,639,76,272.0,0.5,0
640,640,74,272.5,0.5,0
641,641,78,273.0,0.5,0
642,642,76,273.5,0.5,0
643,643,74,274.0,0.5,0
644,644,73,274.5,0.5,0
645,645,74,275.0,0.5,0
646,646,71,275.5,0.5,0
647,647,52,276.0,5.0,0
648,648,59,276.0,5.0,0
649,649,62,276.0,5.0,0
650,650,69,276.0,0.5,0
651,651,68,276.5,0.5,0
652,652,71,277.0,0.5,0
653,653,69,277.5,0.5,0
654,654,73,278.0,0.5,0
655,655,71,278.5,0.5,0
656,656,74,279.0,0.5,0
657,657,73,279.5,0.5,0
658,658,76,280.0,0.5,0
659,659,74,280.5,0.5,0
660,660,62,281.0,1.0,0
661,661,68,281.0,1.0,0
662,662,78,281.0,0.5,0
663,663,76,281.5,0.5,0
664,664,61,282.0,1.0,0
665,665,69,282.0,1.0,0
666,666,76,282.0,0.5,0
667,667,81,282.5,0.5,0
668,668,80,283.0,0.5,0
669,669,79,283.5,0.5,0
670,670,62,284.0,1.0,0
671,671,69,284.0,1.0,0
672,672,78,284.0,0.5,0
673,673,77,284.5,0.5,0
674,674,61,285.0,1.0,0
675,675,69,285.0,1.0,0
676,676,76,285.0,0.5,0
677,677,81,285.5,0.5,0
678,678,80,286.0,0.5,0
679,679,79,286.5,0.5,0
680,680,62,287.0,1.0,0
681,681,69,287.0,1.0,0
682,682,78,287.0,0.5,0
683,683,77,287.5,0.5,0
684,684,61,288.0,6.0,0
685,685,69,288.0,3.0,0
686,686,76,288.0,3.0,0
687,687,68,291.0,3.0,0
688,688,71,291.0,3.0,0
689,689,77,291.0,3.0,0
690,690,62,294.0,1.0,0
691,691,66,294.0,1.0,0
692,692,69,294.0,1.0,0
693,693,78,294.0,1.0,0
694,694,78,296.0,0.5,0
695,695,80,296.5,0.5,0
696,696,81,297.0,0.5,0
697,697,77,297.5,0.5,0
698,698,78,298.0,0.5,0
699,699,73,298.5,0.5,0
700,700,74,299.0,0.5,0
701,701,71,299.5,0.5,0
702,702,69,300.0,6.0,0
703,703,52,302.0,1.0,0
704,704,61,302.0,1.0,0
705,705,53,303.0,2.0,0
706,706,62,303.0,2.0,0
707,707,54,305.0,1.0,0
708,708,63,305.0,1.0,0
709,709,52,306.0,6.0,0
710,710,64,306.0,3.0,0
711,711,69,306.0,3.0,0
712,712,73,306.0,3.0,0
713,713,62,309.0,3.0,0
714,714,68,309.0,3.0,0
715,715,71,309.0,1.0,0
716,716,73,309.0,0.0,0
717,717,69,310.0,1.0,0
718,718,71,311.0,1.0,0
719,719,57,312.0,1.0,0
720,720,69,312.0,1.0,0
721,721,61,313.0,1.0,0
722,722,64,314.0,1.0,0
723,723,75,314.0,0.5,0
724,724,76,314.5,0.5,0
725,725,57,315.0,1.0,0
726,726,78,315.0,0.5,0
727,727,76,315.5,0.5,0
728,728,61,316.0,1.0,0
729,729,74,316.0,0.5,0
730,730,73,316.5,0.5,0
731,731,64,317.0,1.0,0
732,732,71,317.0,0.5,0
733,733,69,317.5,0.5,0
734,734,52,318.0,1.0,1
735,735,68,318.0,0.5,1
736,736,69,318.5,0.5,0
737,737,56,319.0,1.0,0
738,738,71,319.0,0.5,0
739,739,73,319.5,0.5,0
740,740,59,320.0,1.0,0
741,741,74,320.0,0.5,0
742,742,76,320.5,0.5,0
743,743,52,321.0,1.0,0
744,744,78,321.0,0.5,0
745,745,80,321.5,0.5,0
746,746,56,322.0,1.0,0
747,747,81,322.0,0.5,0
748,748,83,322.5,0.5,0
749,749,59,323.0,1.0,0
750,750,85,323.0,0.5,0
751,751,86,323.5,0.5,0
752,752,57,324.0,1.0,0
753,753,85,324.0,1.0,0
754,754,61,325.0,1.0,0
755,755,64,326.0,1.0,0
756,756,75,326.0,0.5,0
757,757,76,326.5,0.5,0
758,758,57,327.0,1.0,0
759,759,78,327.0,0.5,0
760,760,76,327.5,0.5,0
761,761,61,328.0,1.0,0
762,762,74,328.0,0.5,0
763,763,73,328.5,0.5,0
764,764,64,329.0,1.0,0
765,765,71,329.0,0.5,0
766,766,69,329.5,0.5,0
767,767,52,330.0,1.0,0
768,768,68,330.0,0.5,0
769,769,66,330.5,0.5,0
770,770,59,331.0,1.0,0
771,771,64,331.0,0.5,0
772,772,66,331.5,0.5,0
773,773,62,332.0,1.0,0
774,774,68,332.0,0.5,0
775,775,69,332.5,0.5,0
776,776,52,333.0,1.0,0
777,777,71,333.0,0.5,0
778,778,73,333.5,0.5,0
779,779,59,334.0,1.0,0
780,780,74,334.0,0.5,0
781,781,76,334.5,0.5,0
782,782,62,335.0,1.0,0
783,783,78,335.0,0.5,0
784,784,80,335.5,0.5,0
785,785,57,336.0,3.0,0
786,786,61,336.0,2.0,0
787,787,81,336.0,1.0,0
788,788,76,337.0,1.0,0
789,789,64,338.0,1.0,0
790,790,85,338.0,1.0,0
791,791,57,339.0,3.0,0
792,792,61,339.0,2.0,0
793,793,81,339.0,1.0,0
794,794,76,340.0,1.0,0
795,795,64,341.0,1.0,0
796,796,85,341.0,1.0,0
797,797,57,342.0,2.0,0
798,798,61,342.0,2.0,0
799,799,81,342.0,2.0,0
800,800,57,348.0,3.0,0
801,801,60,348.0,2.0,0
802,802,81,348.0,1.0,0
803,803,76,349.0,1.0,0
804,804,64,350.0,1.0,0
805,805,84,350.0,1.0,0
806,806,57,351.0,3.0,0
807,807,60,351.0,2.0,0
808,808,81,351.0,1.0,0
809,809,76,352.0,1.0,0
810,810,64,353.0,1.0,0
811,811,84,353.0,1.0,0
812,812,57,354.0,2.0,0
813,813,60,354.0,2.0,0
814,814,81,354.0,2.0,0
815,815,53,360.0,2.0,0
816,816,60,360.0,3.0,0
817,817,63,360.0,3.0,0
818,818,81,360.0,1.0,0
819,819,75,361.0,1.0,0
820,820,54,362.0,1.0,0
821,821,84,362.0,1.0,0
822,822,53,363.0,2.0,0
823,823,60,363.0,3.0,0
824,824,63,363.0,3.0,0
825,825,81,363.0,1.0,0
826,826,75,364.0,1.0,0
827,827,54,365.0,1.0,0
828,828,84,365.0,1.0,0
829,829,53,366.0,2.0,0
830,830,60,366.0,2.0,0
831,831,63,366.0,2.0,0
832,832,81,366.0,2.0,0
833,833,65,371.0,1.0,0
834,834,70,372.0,1.0,0
835,835,65,373.0,1.0,0
836,836,70,374.0,1.0,0
837,837,74,375.0,1.0,0
838,838,70,376.0,1.0,0
839,839,53,377.0,1.0,0
840,840,74,377.0,1.0,0
841,841,58,378.0,1.0,0
842,842,77,378.0,2.0,0
843,843,53,379.0,1.0,0
844,844,58,380.0,1.0,0
845,845,77,380.0,1.0,0
846,846,62,381.0,1.0,0
847,847,77,381.0,2.0,0
848,848,58,382.0,1.0,0
849,849,62,383.0,1.0,0
850,850,82,383.0,1.0,0
851,851,65,384.0,2.0,0
852,852,81,384.0,0.5,0
853,853,79,384.5,0.5,0
854,854,77,385.0,0.5,0
855,855,79,385.5,0.5,0
856,856,65,386.0,1.0,0
857,857,81,386.0,0.5,0
858,858,82,386.5,0.5,0
859,859,65,387.0,2.0,0
860,860,84,387.0,0.5,0
861,861,82,387.5,0.5,0
862,862,81,388.0,0.5,0
863,863,82,388.5,0.5,0
864,864,70,389.0,1.0,0
865,865,84,389.0,0.5,0
866,866,86,389.5,0.5,0
867,867,69,390.0,0.5,0
868,868,87,390.0,1.0,0
869,869,67,390.5,0.5,0
870,870,65,391.0,0.5,0
871,871,77,391.0,1.0,0
872,872,67,391.5,0.5,0
873,873,69,392.0,0.5,0
874,874,87,392.0,2.0,0
875,875,70,392.5,0.5,0
876,876,72,393.0,0.5,0
877,877,70,393.5,0.5,0
878,878,69,394.0,0.5,0
879,879,77,394.0,2.5,0
880,880,70,394.5,0.5,0
881,881,72,395.0,0.5,0
882,882,74,395.5,0.5,0
883,883,75,396.0,1.5,0
884,884,89,396.5,0.5,0
885,885,87,397.0,0.5,0
886,886,77,397.5,0.5,0
887,887,86,397.5,0.5,0
888,888,75,398.0,0.5,0
889,889,84,398.0,0.5,0
890,890,74,398.5,0.5,0
891,891,82,398.5,0.5,0
892,892,72,399.0,0.5,0
893,893,81,399.0,0.5,0
894,894,74,399.5,0.5,0
895,895,82,399.5,0.5,0
896,896,72,400.0,0.5,0
897,897,81,400.0,0.5,0
898,898,70,400.5,0.5,0
899,899,79,400.5,0.5,0
900,900,69,401.0,0.5,0
901,901,77,401.0,0.5,0
902,902,67,401.5,0.5,0
903,903,75,401.5,0.5,0
904,904,66,402.0,2.0,0
905,905,74,402.0,0.5,0
906,906,75,402.5,0.5,0
907,907,74,403.0,0.5,0
908,908,84,403.5,0.5,0
909,909,67,404.0,1.0,0
910,910,75,404.0,0.5,0
911,911,84,404.5,0.5,0
912,912,66,405.0,2.0,0
913,913,74,405.0,0.5,0
914,914,75,405.5,0.5,0
915,915,74,406.0,0.5,0
916,916,84,406.5,0.5,0
917,917,67,407.0,1.0,0
918,918,75,407.0,0.5,0
919,919,84,407.5,0.5,0
920,920,66,408.0,2.0,0
921,921,74,408.0,0.5,0
922,922,84,408.5,0.5,0
923,923,81,409.0,0.5,0
924,924,79,409.5,0.5,0
925,925,78,410.0,0.5,0
926,926,75,410.5,0.5,0
927,927,74,411.0,0.5,0
928,928,75,411.5,0.5,0
929,929,74,412.0,0.5,0
930,930,72,412.5,0.5,0
931,931,50,413.0,1.0,0
932,932,70,413.0,0.5,0
933,933,69,413.5,0.5,0
934,934,55,414.0,1.0,0
935,935,67,414.0,1.0,0
936,936,50,415.0,1.0,0
937,937,55,416.0,1.0,0
938,938,62,416.0,1.0,0
939,939,58,417.0,1.0,0
940,940,67,417.0,1.0,0
941,941,55,418.0,1.0,0
942,942,62,418.0,1.0,0
943,943,58,419.0,1.0,0
944,944,67,419.0,1.0,0
945,945,62,420.0,2.0,0
946,946,70,420.0,1.0,0
947,947,67,421.0,1.0,0
948,948,62,422.0,1.0,0
949,949,70,422.0,1.0,0
950,950,62,423.0,2.0,0
951,951,74,423.0,2.0,0
952,952,67,425.0,1.0,0
953,953,74,425.0,1.0,0
954,954,66,426.0,0.5,0
955,955,74,426.0,2.0,0
956,956,64,426.5,0.5,0
957,957,66,427.0,0.5,0
958,958,62,427.5,0.5,0
959,959,70,428.0,1.0,0
960,960,79,428.0,1.0,0
961,961,69,429.0,1.0,0
962,962,78,429.0,0.5,0
963,963,76,429.5,0.5,0
964,964,78,430.0,0.5,0
965,965,74,430.5,0.5,0
966,966,67,431.0,1.0,0
967,967,82,431.0,1.0,0
968,968,66,432.0,0.5,0
969,969,81,432.0,1.0,0
970,970,64,432.5,0.5,0
971,971,66,433.0,0.5,0
972,972,62,433.5,0.5,0
973,973,72,434.0,1.0,0
974,974,81,434.0,1.0,0
975,975,70,435.0,1.0,0
976,976,79,435.0,0.5,0
977,977,78,435.5,0.5,0
978,978,79,436.0,0.5,0
979,979,74,436.5,0.5,0
980,980,69,437.0,1.0,0
981,981,84,437.0,1.0,0
982,982,67,438.0,3.0,0
983,983,82,438.0,0.5,0
984,984,74,438.5,0.5,0
985,985,75,439.0,0.5,0
986,986,74,439.5,0.5,0
987,987,75,440.0,0.5,0
988,988,74,440.5,0.5,0
989,989,65,441.0,3.0,0
990,990,81,441.0,0.5,0
991,991,75,441.5,0.5,0
992,992,76,442.0,0.5,0
993,993,75,442.5,0.5,0
994,994,76,443.0,0.5,0
995,995,75,443.5,0.5,0
996,996,64,444.0,2.0,0
997,997,80,444.0,0.5,0
998,998,81,444.5,0.5,0
999,999,83,445.0,0.5,0
1000,1000,84,445.5,0.5,0
1001,1001,86,446.0,0.5,0
1002,1002,84,446.5,0.5,0
1003,1003,83,447.0,0.5,0
1004,1004,81,447.5,0.5,0
1005,1005,80,448.0,0.5,0
1006,1006,77,448.5,0.5,0
1007,1007,76,449.0,0.5,0
1008,1008,74,449.5,0.5,0
1009,1009,57,450.0,0.5,0
1010,1010,72,450.0,3.0,0
1011,1011,64,450.5,0.5,0
1012,1012,65,451.0,0.5,0
1013,1013,64,451.5,0.5,0
1014,1014,65,452.0,0.5,0
1015,1015,64,452.5,0.5,0
1016,1016,55,453.0,0.5,0
1017,1017,71,453.0,3.0,0
1018,1018,65,453.5,0.5,0
1019,1019,66,454.0,0.5,0
1020,1020,65,454.5,0.5,0
1021,1021,66,455.0,0.5,0
1022,1022,65,455.5,0.5,0
1023,1023,54,456.0,2.0,0
1024,1024,66,456.0,2.0,0
1025,1025,70,456.5,0.5,0
1026,1026,73,457.0,0.5,0
1027,1027,78,457.5,0.5,0
1028,1028,82,458.0,0.5,0
1029,1029,85,458.5,0.5,0
1030,1030,88,459.0,0.5,0
1031,1031,85,459.5,0.5,0
1032,1032,82,460.0,0.5,0
1033,1033,79,460.5,0.5,0
1034,1034,78,461.0,0.5,0
1035,1035,76,461.5,0.5,0
1036,1036,74,462.0,1.0,0
1037,1037,59,462.5,0.5,0
1038,1038,62,463.0,0.5,0
1039,1039,66,463.5,0.5,0
1040,1040,71,464.0,1.0,0
1041,1041,74,464.5,0.5,0
1042,1042,71,465.0,1.0,0
1043,1043,77,465.0,1.0,0
1044,1044,55,465.5,0.5,0
1045,1045,59,466.0,0.5,0
1046,1046,62,466.5,0.5,0
1047,1047,67,467.0,1.0,0
1048,1048,71,467.5,0.5,0
1049,1049,77,467.5,0.5,0
1050,1050,54,468.0,3.0,1
1051,1051,78,468.0,0.5,1
1052,1052,73,468.5,0.5,0
1053,1053,58,469.0,1.0,0
1054,1054,61,469.0,1.0,0
1055,1055,78,469.0,0.5,0
1056,1056,82,469.5,0.5,0
1057,1057,58,470.0,1.0,0
1058,1058,61,470.0,1.0,0
1059,1059,85,470.0,0.5,0
1060,1060,82,470.5,0.5,0
1061,1061,54,471.0,3.0,0
1062,1062,86,471.0,0.5,0
1063,1063,83,471.5,0.5,0
1064,1064,59,472.0,1.0,0
1065,1065,62,472.0,1.0,0
1066,1066,86,472.0,0.5,0
1067,1067,83,472.5,0.5,0
1068,1068,59,473.0,1.0,0
1069,1069,62,473.0,1.0,0
1070,1070,80,473.0,0.5,0
1071,1071,77,473.5,0.5,0
1072,1072,54,474.0,3.0,0
1073,1073,78,474.0,0.5,0
1074,1074,73,474.5,0.5,0
1075,1075,58,475.0,1.0,0
1076,1076,61,475.0,1.0,0
1077,1077,78,475.0,0.5,0
1078,1078,82,475.5,0.5,0
1079,1079,58,476.0,1.0,0
1080,1080,61,476.0,1.0,0
1081,1081,85,476.0,0.5,0
1082,1082,82,476.5,0.5,0
1083,1083,54,477.0,3.0,0
1084,1084,86,477.0,0.5,0
1085,1085,83,477.5,0.5,0
1086,1086,59,478.0,1.0,0
1087,1087,62,478.0,1.0,0
1088,1088,86,478.0,0.5,0
1089,1089,83,478.5,0.5,0
1090,1090,59,479.0,1.0,0
1091,1091,62,479.0,1.0,0
1092,1092,80,479.0,0.5,0
1093,1093,77,479.5,0.5,0
1094,1094,54,480.0,2.0,0
1095,1095,58,480.0,2.0,0
1096,1096,61,480.0,2.0,0
1097,1097,78,480.0,1.0,0
1098,1098,73,481.0,1.0,0
1099,1099,82,482.0,1.0,0
1100,1100,78,483.0,1.0,0
1101,1101,73,484.0,1.0,0
1102,1102,82,485.0,1.0,0
1103,1103,66,486.0,1.0,0
1104,1104,78,486.0,2.0,0
1105,1105,61,487.0,1.0,0
1106,1106,70,488.0,1.0,0
1107,1107,66,489.0,1.0,0
1108,1108,61,490.0,1.0,0
1109,1109,70,491.0,1.0,0
1110,1110,66,492.0,2.0,0
1111,1111,78,492.0,1.0,0
1112,1112,73,493.0,1.0,0
1113,1113,81,494.0,1.0,0
1114,1114,78,495.0,1.0,0
1115,1115,73,496.0,1.0,0
1116,1116,81,497.0,1.0,0
1117,1117,66,498.0,3.0,0
1118,1118,71,498.0,6.0,0
1119,1119,80,498.0,1.0,0
1120,1120,73,499.0,1.0,0
1121,1121,83,500.0,1.0,0
1122,1122,65,501.0,3.0,0
1123,1123,80,501.0,1.0,0
1124,1124,73,502.0,1.0,0
1125,1125,83,503.0,1.0,0
1126,1126,64,504.0,6.0,0
1127,1127,67,504.0,3.0,0
1128,1128,82,504.0,1.0,0
1129,1129,73,505.0,1.0,0
1130,1130,85,506.0,1.0,0
1131,1131,66,507.0,3.0,0
1132,1132,82,507.0,1.0,0
1133,1133,73,508.0,1.0,0
1134,1134,85,509.0,1.0,0
1135,1135,59,510.0,1.0,0
1136,1136,83,510.0,2.0,0
1137,1137,54,511.0,1.0,0
1138,1138,62,512.0,1.0,0
1139,1139,59,513.0,1.0,0
1140,1140,54,514.0,1.0,0
1141,1141,62,515.0,1.0,0
1142,1142,61,516.0,1.0,0
1143,1143,76,516.0,6.0,0
1144,1144,83,516.0,3.0,0
1145,1145,54,517.0,1.0,0
1146,1146,64,518.0,1.0,0
1147,1147,61,519.0,1.0,0
1148,1148,82,519.0,3.0,0
1149,1149,54,520.0,1.0,0
1150,1150,64,521.0,1.0,0
1151,1151,63,522.0,1.0,0
1152,1152,72,522.0,3.0,0
1153,1153,81,522.0,6.0,0
1154,1154,54,523.0,1.0,0
1155,1155,66,524.0,1.0,0
1156,1156,63,525.0,1.0,0
1157,1157,71,525.0,3.0,0
1158,1158,54,526.0,1.0,0
1159,1159,66,527.0,1.0,0
1160,1160,64,528.0,2.0,0
1161,1161,76,528.0,1.0,0
1162,1162,71,529.0,1.0,0
1163,1163,79,530.0,1.0,0
1164,1164,76,531.0,1.0,0
1165,1165,71,532.0,1.0,0
1166,1166,79,533.0,1.0,0
1167,1167,59,534.0,6.0,0
1168,1168,64,534.0,3.0,0
1169,1169,78,534.0,1.0,0
1170,1170,71,535.0,1.0,0
1171,1171,81,536.0,1.0,0
1172,1172,63,537.0,3.0,0
1173,1173,78,537.0,1.0,0
1174,1174,71,538.0,1.0,0
1175,1175,81,539.0,1.0,0
1176,1176,53,540.0,3.0,0
1177,1177,62,540.0,6.0,0
1178,1178,80,540.0,1.0,0
1179,1179,71,541.0,1.0,0
1180,1180,83,542.0,1.0,0
1181,1181,52,543.0,3.0,0
1182,1182,80,543.0,1.0,0
1183,1183,71,544.0,1.0,0
1184,1184,83,545.0,1.0,0
1185,1185,61,546.0,1.0,0
1186,1186,81,546.0,2.0,0
1187,1187,57,547.0,1.0,0
1188,1188,64,548.0,1.0,0
1189,1189,61,549.0,1.0,0
1190,1190,57,550.0,1.0,0
1191,1191,64,551.0,1.0,0
1192,1192,62,552.0,1.0,0
1193,1193,70,552.0,3.0,0
1194,1194,81,552.0,6.0,0
1195,1195,57,553.0,1.0,0
1196,1196,65,554.0,1.0,0
1197,1197,63,555.0,1.0,0
1198,1198,71,555.0,3.0,0
1199,1199,57,556.0,1.0,0
1200,1200,66,557.0,1.0,0
1201,1201,64,558.0,1.0,0
1202,1202,72,558.0,3.0,0
1203,1203,81,558.0,6.0,0
1204,1204,57,559.0,1.0,0
1205,1205,67,560.0,1.0,0
1206,1206,64,561.0,1.0,0
1207,1207,73,561.0,3.0,0
1208,1208,57,562.0,1.0,0
1209,1209,67,563.0,1.0,0
1210,1210,66,564.0,1.0,0
1211,1211,74,564.0,3.0,0
1212,1212,81,564.0,6.0,0
1213,1213,57,565.0,1.0,0
1214,1214,69,566.0,1.0,0
1215,1215,65,567.0,1.0,0
1216,1216,75,567.0,3.0,0
1217,1217,57,568.0,1.0,0
1218,1218,69,569.0,1.0,0
1219,1219,64,570.0,1.0,0
1220,1220,76,570.0,3.0,0
1221,1221,81,570.0,6.0,0
1222,1222,57,571.0,1.0,0
1223,1223,69,572.0,1.0,0
1224,1224,62,573.0,1.0,0
1225,1225,78,573.0,3.0,0
1226,1226,57,574.0,1.0,0
1227,1227,69,575.0,1.0,0
1228,1228,57,576.0,2.0,0
1229,1229,61,576.0,2.0,0
1230,1230,79,576.0,0.5,0
1231,1231,81,576.5,0.5,0
1232,1232,83,577.0,0.5,0
1233,1233,81,577.5,0.5,0
1234,1234,79,578.0,0.5,0
1235,1235,78,578.5,0.5,0
1236,1236,76,579.0,0.5,0
1237,1237,78,579.5,0.5,0
1238,1238,79,580.0,0.5,0
1239,1239,78,580.5,0.5,0
1240,1240,76,581.0,0.5,0
1241,1241,74,581.5,0.5,0
1242,1242,73,582.0,0.5,0
1243,1243,74,582.5,0.5,0
1244,1244,76,583.0,0.5,0
1245,1245,74,583.5,0.5,0
1246,1246,73,584.0,0.5,0
1247,1247,71,584.5,0.5,0
1248,1248,69,585.0,0.5,0
1249,1249,71,585.5,0.5,0
1250,1250,69,586.0,0.5,0
1251,1251,67,586.5,0.5,0
1252,1252,45,587.0,1.0,0
1253,1253,66,587.0,0.5,0
1254,1254,64,587.5,0.5,0
1255,1255,50,588.0,1.0,0
1256,1256,62,588.0,1.0,0
1257,1257,45,589.0,1.0,0
1258,1258,57,589.0,1.0,0
1259,1259,50,590.0,1.0,0
1260,1260,62,590.0,1.0,0
1261,1261,54,591.0,1.0,0
1262,1262,66,591.0,1.0,0
1263,1263,50,592.0,1.0,0
1264,1264,62,592.0,1.0,0
1265,1265,54,593.0,1.0,0
1266,1266,66,593.0,1.0,0
1267,1267,57,594.0,2.0,0
1268,1268,69,594.0,2.0,0
1269,1269,57,596.0,1.0,0
1270,1270,69,596.0,1.0,0
1271,1271,57,597.0,2.0,0
1272,1272,69,597.0,2.0,0
1273,1273,67,599.0,1.0,0
1274,1274,69,599.0,2.0,0
1275,1275,73,599.0,0.5,0
1276,1276,71,599.5,0.25,0
1277,1277,73,599.75,0.25,0
1278,1278,66,600.0,1.0,0
1279,1279,74,600.0,1.0,0
1280,1280,61,602.0,1.0,0
1281,1281,69,602.0,2.0,0
1282,1282,76,602.0,0.5,0
1283,1283,74,602.5,0.25,0
1284,1284,76,602.75,0.25,0
1285,1285,62,603.0,1.0,0
1286,1286,78,603.0,1.0,0
1287,1287,55,605.0,1.0,0
1288,1288,64,605.0,1.0,0
1289,1289,81,605.0,0.5,0
1290,1290,79,605.5,0.5,0
1291,1291,57,606.0,4.0,0
1292,1292,62,606.0,3.0,0
1293,1293,78,606.0,3.0,0
1294,1294,61,609.0,1.0,0
1295,1295,76,609.0,1.0,0
1296,1296,47,611.0,1.0,0
1297,1297,59,611.0,1.0,0
1298,1298,52,612.0,1.0,0
1299,1299,64,612.0,1.0,0
1300,1300,47,613.0,1.0,0
1301,1301,59,613.0,1.0,0
1302,1302,52,614.0,1.0,0
1303,1303,64,614.0,1.0,0
1304,1304,55,615.0,1.0,0
1305,1305,67,615.0,1.0,0
1306,1306,52,616.0,1.0,0
1307,1307,64,616.0,1.0,0
1308,1308,55,617.0,1.0,0
1309,1309,67,617.0,1.0,0
1310,1310,59,618.0,2.0,0
1311,1311,71,618.0,2.0,0
1312,1312,59,620.0,1.0,0
1313,1313,71,620.0,1.0,0
1314,1314,59,621.0,2.0,0
1315,1315,71,621.0,2.0,0
1316,1316,66,623.0,1.0,0
1317,1317,69,623.0,1.0,0
1318,1318,75,623.0,1.0,0
1319,1319,67,624.0,2.0,0
1320,1320,71,624.0,2.0,0
1321,1321,78,624.0,0.5,0
1322,1322,76,624.5,0.5,0
1323,1323,79,625.0,0.5,0
1324,1324,78,625.5,0.5,0
1325,1325,81,626.0,0.5,0
1326,1326,79,626.5,0.5,0
1327,1327,83,627.0,1.0,0
1328,1328,57,629.0,1.0,0
1329,1329,64,629.0,1.0,0
1330,1330,73,629.0,1.0,0
1331,1331,62,630.0,4.0,0
1332,1332,67,630.0,3.0,0
1333,1333,76,630.0,3.0,0
1334,1334,66,633.0,1.0,0
1335,1335,74,633.0,1.0,0
1336,1336,45,635.0,1.0,0
1337,1337,50,636.0,1.0,0
1338,1338,45,637.0,1.0,0
1339,1339,74,637.0,1.0,0
1340,1340,50,638.0,1.0,0
1341,1341,78,638.0,1.0,0
1342,1342,54,639.0,1.0,0
1343,1343,81,639.0,1.0,0
1344,1344,50,640.0,1.0,0
1345,1345,78,640.0,1.0,0
1346,1346,54,641.0,1.0,0
1347,1347,86,641.0,1.5,0
1348,1348,57,642.0,2.0,0
1349,1349,85,642.5,0.5,0
1350,1350,88,643.0,0.5,0
1351,1351,86,643.5,0.5,0
1352,1352,57,644.0,1.0,0
1353,1353,85,644.0,0.5,0
1354,1354,83,644.5,0.5,0
1355,1355,57,645.0,1.0,0
1356,1356,81,645.0,0.5,0
1357,1357,83,645.5,0.5,0
1358,1358,81,646.0,0.5,0
1359,1359,79,646.5,0.5,0
1360,1360,67,647.0,1.5,0
1361,1361,78,647.0,0.5,0
1362,1362,76,647.5,0.5,0
1363,1363,74,648.0,2.0,0
1364,1364,66,648.5,0.5,0
1365,1365,69,649.0,0.5,0
1366,1366,67,649.5,0.5,0
1367,1367,66,650.0,0.5,0
1368,1368,74,650.0,1.0,0
1369,1369,64,650.5,0.5,0
1370,1370,62,651.0,0.5,0
1371,1371,74,651.0,1.0,0
1372,1372,64,651.5,0.5,0
1373,1373,62,652.0,0.5,0
1374,1374,60,652.5,0.5,0
1375,1375,59,653.0,0.5,0
1376,1376,62,653.0,1.0,0
1377,1377,57,653.5,0.5,0
1378,1378,55,654.0,1.0,0
1379,1379,67,654.0,1.0,0
1380,1380,43,655.0,1.0,0
1381,1381,62,655.0,1.0,0
1382,1382,47,656.0,1.0,0
1383,1383,67,656.0,1.0,0
1384,1384,50,657.0,1.0,0
1385,1385,71,657.0,1.0,0
1386,1386,47,658.0,1.0,0
1387,1387,67,658.0,1.0,0
1388,1388,55,659.0,1.5,0
1389,1389,71,659.0,1.0,0
1390,1390,74,660.0,2.0,0
1391,1391,54,660.5,0.5,0
1392,1392,57,661.0,0.5,0
1393,1393,55,661.5,0.5,0
1394,1394,54,662.0,0.5,0
1395,1395,74,662.0,1.0,0
1396,1396,52,662.5,0.5,0
1397,1397,50,663.0,0.5,0
1398,1398,74,663.0,1.0,0
1399,1399,52,663.5,0.5,0
1400,1400,50,664.0,0.5,0
1401,1401,48,664.5,0.5,0
1402,1402,47,665.0,0.5,0
1403,1403,72,665.0,1.5,0
1404,1404,45,665.5,0.5,0
1405,1405,43,666.0,1.0,0
1406,1406,71,666.5,0.5,0
1407,1407,74,667.0,0.5,0
1408,1408,72,667.5,0.5,0
1409,1409,60,668.0,1.5,0
1410,1410,71,668.0,0.5,0
1411,1411,69,668.5,0.5,0
1412,1412,67,669.0,1.0,0
1413,1413,59,669.5,0.5,0
1414,1414,62,670.0,0.5,0
1415,1415,60,670.5,0.5,0
1416,1416,59,671.0,0.5,0
1417,1417,84,671.0,1.5,0
1418,1418,57,671.5,0.5,0
1419,1419,55,672.0,1.0,0
1420,1420,83,672.5,0.5,0
1421,1421,86,673.0,0.5,0
1422,1422,84,673.5,0.5,0
1423,1423,72,674.0,1.5,0
1424,1424,83,674.0,0.5,0
1425,1425,81,674.5,0.5,0
1426,1426,80,675.0,1.0,0
1427,1427,71,675.5,0.5,0
1428,1428,76,676.0,0.5,0
1429,1429,74,676.5,0.5,0
1430,1430,72,677.0,0.5,0
1431,1431,74,677.0,1.5,0
1432,1432,71,677.5,0.5,0
1433,1433,69,678.0,1.0,0
1434,1434,72,678.5,0.5,0
1435,1435,76,679.0,0.5,0
1436,1436,74,679.5,0.5,0
1437,1437,62,680.0,1.5,0
1438,1438,72,680.0,0.5,0
1439,1439,71,680.5,0.5,0
1440,1440,69,681.0,1.0,0
1441,1441,60,681.5,0.5,0
1442,1442,64,682.0,0.5,0
1443,1443,62,682.5,0.5,0
1444,1444,60,683.0,0.5,0
1445,1445,86,683.0,1.5,0
1446,1446,59,683.5,0.5,0
1447,1447,57,684.0,1.0,0
1448,1448,84,684.5,0.5,0
1449,1449,88,685.0,0.5,0
1450,1450,86,685.5,0.5,0
1451,1451,74,686.0,1.5,0
1452,1452,84,686.0,0.5,0
1453,1453,83,686.5,0.5,0
1454,1454,82,687.0,1.0,0
1455,1455,73,687.5,0.5,0
1456,1456,78,688.0,0.5,0
1457,1457,76,688.5,0.5,0
1458,1458,74,689.0,0.5,0
1459,1459,76,689.0,1.5,0
1460,1460,73,689.5,0.5,0
1461,1461,71,690.0,1.0,0
1462,1462,74,690.5,0.5,0
1463,1463,78,691.0,0.5,0
1464,1464,76,691.5,0.5,0
1465,1465,64,692.0,1.5,0
1466,1466,74,692.0,0.5,0
1467,1467,73,692.5,0.5,0
1468,1468,71,693.0,1.0,0
1469,1469,62,693.5,0.5,0
1470,1470,67,694.0,0.5,0
1471,1471,66,694.5,0.5,0
1472,1472,64,695.0,0.5,0
1473,1473,78,695.0,1.5,0
1474,1474,62,695.5,0.5,0
1475,1475,61,696.0,1.0,0
1476,1476,76,696.5,0.5,0
1477,1477,79,697.0,0.5,0
1478,1478,78,697.5,0.5,0
1479,1479,66,698.0,1.5,0
1480,1480,76,698.0,0.5,0
1481,1481,74,698.5,0.5,0
1482,1482,73,699.0,1.0,0
1483,1483,64,699.5,0.5,0
1484,1484,69,700.0,0.5,0
1485,1485,67,700.5,0.5,0
1486,1486,66,701.0,0.5,0
1487,1487,79,701.0,1.0,0
1488,1488,64,701.5,0.5,0
1489,1489,62,702.0,1.0,0
1490,1490,78,702.0,0.5,0
1491,1491,74,702.5,0.5,0
1492,1492,78,703.0,0.5,0
1493,1493,81,703.5,0.5,0
1494,1494,64,704.0,1.0,0
1495,1495,67,704.0,1.0,0
1496,1496,86,704.0,0.5,0
1497,1497,85,704.5,0.5,0
1498,1498,62,705.0,2.0,0
1499,1499,66,705.0,2.0,0
1500,1500,71,705.5,0.5,0
1501,1501,74,706.0,0.5,0
1502,1502,78,706.5,0.5,0
1503,1503,61,707.0,1.0,0
1504,1504,64,707.0,1.0,0
1505,1505,83,707.0,0.5,0
1506,1506,81,707.5,0.5,0
1507,1507,59,708.0,2.0,0
1508,1508,62,708.0,2.0,0
1509,1509,67,708.5,0.5,0
1510,1510,71,709.0,0.5,0
1511,1511,74,709.5,0.5,0
1512,1512,57,710.0,1.0,0
1513,1513,61,710.0,1.0,0
1514,1514,79,710.0,0.5,0
1515,1515,78,710.5,0.5,0
1516,1516,55,711.0,2.0,0
1517,1517,59,711.0,2.0,0
1518,1518,64,711.5,0.5,0
1519,1519,67,712.0,0.5,0
1520,1520,71,712.5,0.5,0
1521,1521,56,713.0,1.0,0
1522,1522,59,713.0,1.0,0
1523,1523,76,713.0,0.5,0
1524,1524,74,713.5,0.5,0
1525,1525,57,714.0,0.5,0
1526,1526,73,714.0,1.0,0
1527,1527,64,714.5,0.5,0
1528,1528,61,715.0,0.5,0
1529,1529,81,715.0,1.0,0
1530,1530,64,715.5,0.5,0
1531,1531,62,716.0,0.5,0
1532,1532,74,716.0,1.0,0
1533,1533,78,716.0,1.0,0
1534,1534,66,716.5,0.5,0
1535,1535,57,717.0,0.5,0
1536,1536,73,717.0,1.0,0
1537,1537,76,717.0,1.0,0
1538,1538,64,717.5,0.5,0
1539,1539,61,718.0,0.5,0
1540,1540,81,718.0,1.0,0
1541,1541,64,718.5,0.5,0
1542,1542,62,719.0,0.5,0
1543,1543,74,719.0,1.0,0
1544,1544,78,719.0,1.0,0
1545,1545,66,719.5,0.5,0
1546,1546,57,720.0,1.0,0
1547,1547,61,720.0,1.0,0
1548,1548,64,720.0,1.0,0
1549,1549,73,720.0,1.0,0
1550,1550,76,720.0,1.0,0
1551,1551,81,721.0,1.0,0
1552,1552,45,722.0,1.0,0
1553,1553,57,722.0,1.0,0
1554,1554,69,722.0,1.0,0
1555,1555,45,723.0,1.0,0
1556,1556,57,723.0,1.0,0
1557,1557,69,723.0,1.0,0
1558,1558,66,725.0,1.0,0
1559,1559,67,726.0,2.0,1
1560,1560,69,728.0,1.0,0
1561,1561,71,729.0,1.0,0
1562,1562,69,730.0,0.5,0
1563,1563,67,730.5,0.5,0
1564,1564,66,731.0,0.5,0
1565,1565,64,731.5,0.5,0
1566,1566,45,732.0,5.0,0
1567,1567,52,732.0,5.0,0
1568,1568,55,732.0,5.0,0
1569,1569,62,732.0,3.0,0
1570,1570,61,735.0,2.0,0
1571,1571,43,737.0,1.0,0
1572,1572,49,737.0,1.0,0
1573,1573,59,737.0,1.0,0
1574,1574,42,738.0,2.0,0
1575,1575,50,738.0,2.0,0
1576,1576,59,738.0,1.0,0
1577,1577,57,739.0,1.0,0
1578,1578,57,740.0,1.0,0
1579,1579,57,741.0,1.0,0
1580,1580,42,742.0,1.0,0
1581,1581,62,742.0,1.0,0
1582,1582,38,743.0,1.0,0
1583,1583,62,743.0,1.0,0
1584,1584,66,743.0,1.0,0
1585,1585,45,744.0,4.0,0
1586,1586,62,744.0,2.0,0
1587,1587,66,744.0,2.0,0
1588,1588,64,746.0,1.0,0
1589,1589,67,746.0,1.0,0
1590,1590,61,747.0,1.0,0
1591,1591,64,747.0,1.0,0
1592,1592,66,749.0,1.0,0
1593,1593,67,750.0,2.0,0
1594,1594,69,752.0,1.0,0
1595,1595,71,753.0,1.0,0
1596,1596,69,754.0,0.5,0
1597,1597,67,754.5,0.5,0
1598,1598,66,755.0,0.5,0
1599,1599,64,755.5,0.5,0
1600,1600,45,756.0,5.0,0
1601,1601,52,756.0,5.0,0
1602,1602,55,756.0,5.0,0
1603,1603,62,756.0,3.0,0
1604,1604,61,759.0,1.0,0
1605,1605,71,760.0,1.0,0
1606,1606,43,761.0,1.0,0
1607,1607,49,761.0,1.0,0
1608,1608,69,761.0,1.0,0
1609,1609,42,762.0,1.0,0
1610,1610,50,762.0,1.0,0
1611,1611,69,762.0,1.0,0
1612,1612,74,763.0,1.0,0
1613,1613,47,764.0,1.0,0
1614,1614,55,764.0,1.0,0
1615,1615,62,764.0,1.0,0
1616,1616,45,765.0,1.0,0
1617,1617,57,765.0,1.0,0
1618,1618,62,765.0,1.0,0
1619,1619,66,765.0,1.0,0
1620,1620,45,767.0,1.0,0
1621,1621,55,767.0,1.0,0
1622,1622,61,767.0,1.0,0
1623,1623,64,767.0,1.0,0
1624,1624,50,768.0,4.0,0
1625,1625,55,768.0,3.0,0
1626,1626,61,768.0,3.0,0
1627,1627,64,768.0,3.0,0
1628,1628,54,771.0,1.0,0
1629,1629,62,771.0,1.0,0
1630,1630,78,773.0,1.0,0
1631,1631,79,774.0,1.0,0
1632,1632,79,775.0,0.5,0
1633,1633,78,775.5,0.5,0
1634,1634,81,776.0,0.5,0
1635,1635,79,776.5,0.5,0
1636,1636,83,777.0,0.5,0
1637,1637,81,777.5,0.5,0
1638,1638,79,778.0,0.5,0
1639,1639,78,778.5,0.5,0
1640,1640,79,779.0,0.5,0
1641,1641,76,779.5,0.5,0
1642,1642,57,780.0,5.0,0
1643,1643,64,780.0,5.0,0
1644,1644,67,780.0,5.0,0
1645,1645,74,780.0,2.0,0
1646,1646,76,782.0,0.5,0
1647,1647,74,782.5,0.5,0
1648,1648,73,783.0,2.0,0
1649,1649,59,785.0,1.0,0
1650,1650,62,785.0,1.0,0
1651,1651,68,785.0,1.0,0
1652,1652,71,785.0,1.0,0
1653,1653,61,786.0,3.0,0
1654,1654,64,786.0,3.0,0
1655,1655,67,786.0,3.0,0
1656,1656,71,786.0,1.0,0
1657,1657,69,787.0,1.0,0
1658,1658,69,788.0,1.0,0
1659,1659,62,789.0,3.0,0
1660,1660,66,789.0,3.0,0
1661,1661,69,789.0,1.0,0
1662,1662,74,790.0,1.0,0
1663,1663,74,791.0,1.0,0
1664,1664,78,791.0,1.0,0
1665,1665,57,792.0,4.0,0
1666,1666,69,792.0,4.0,0
1667,1667,74,792.0,2.0,0
1668,1668,78,792.0,2.0,0
1669,1669,76,794.0,1.0,0
1670,1670,79,794.0,1.0,0
1671,1671,73,795.0,1.0,0
1672,1672,76,795.0,1.0,0
1673,1673,78,797.0,1.0,0
1674,1674,79,798.0,1.0,0
1675,1675,79,799.0,0.5,0
1676,1676,78,799.5,0.5,0
1677,1677,81,800.0,0.5,0
1678,1678,79,800.5,0.5,0
1679,1679,83,801.0,0.5,0
1680,1680,81,801.5,0.5,0
1681,1681,79,802.0,0.5,0
1682,1682,78,802.5,0.5,0
1683,1683,79,803.0,0.5,0
1684,1684,76,803.5,0.5,0
1685,1685,67,804.0,6.0,0
1686,1686,69,804.0,6.0,0
1687,1687,74,804.0,0.5,0
1688,1688,73,804.5,0.5,0
1689,1689,76,805.0,0.5,0
1690,1690,74,805.5,0.5,0
1691,1691,78,806.0,0.5,0
1692,1692,76,806.5,0.5,0
1693,1693,79,807.0,0.5,0
1694,1694,78,807.5,0.5,0
1695,1695,81,808.0,0.5,0
1696,1696,79,808.5,0.5,0
1697,1697,83,809.0,0.5,0
1698,1698,81,809.5,0.5,0
1699,1699,81,810.0,3.0,0
1700,1700,65,811.0,1.0,0
1701,1701,75,811.0,1.0,0
1702,1702,65,812.0,1.0,0
1703,1703,75,812.0,1.0,0
1704,1704,80,813.0,3.0,0
1705,1705,64,814.0,1.0,0
1706,1706,74,814.0,1.0,0
1707,1707,64,815.0,1.0,0
1708,1708,74,815.0,1.0,0
1709,1709,79,816.0,3.0,0
1710,1710,71,817.0,1.0,0
1711,1711,74,817.0,1.0,0
1712,1712,71,818.0,1.0,0
1713,1713,74,818.0,1.0,0
1714,1714,70,819.0,1.0,0
1715,1715,73,819.0,1.0,0
1716,1716,78,819.0,1.0,0
1717,1717,66,821.0,1.0,0
1718,1718,54,822.0,1.0,0
1719,1719,71,822.0,1.0,0
1720,1720,59,823.0,1.0,0
1721,1721,66,823.0,1.0,0
1722,1722,54,824.0,1.0,0
1723,1723,71,824.0,1.0,0
1724,1724,59,825.0,1.0,0
1725,1725,74,825.0,1.0,0
1726,1726,62,826.0,1.0,0
1727,1727,71,826.0,1.0,0
1728,1728,59,827.0,1.0,0
1729,1729,74,827.0,1.0,0
1730,1730,62,828.0,1.0,0
1731,1731,78,828.0,0.5,0
1732,1732,76,828.5,0.5,0
1733,1733,66,829.0,0.5,0
1734,1734,74,829.0,0.5,0
1735,1735,64,829.5,0.5,0
1736,1736,73,829.5,0.5,0
1737,1737,62,830.0,0.5,0
1738,1738,71,830.0,0.5,0
1739,1739,61,830.5,0.5,0
1740,1740,70,830.5,0.5,0
1741,1741,59,831.0,0.5,0
1742,1742,74,831.0,0.5,0
1743,1743,58,831.5,0.5,0
1744,1744,73,831.5,0.5,0
1745,1745,62,832.0,0.5,0
1746,1746,71,832.0,0.5,0
1747,1747,61,832.5,0.5,0
1748,1748,69,832.5,0.5,0
1749,1749,59,833.0,0.5,0
1750,1750,67,833.0,0.5,0
1751,1751,57,833.5,0.5,0
1752,1752,66,833.5,0.5,0
1753,1753,55,834.0,0.5,0
1754,1754,64,834.0,1.0,0
1755,1755,54,834.5,0.5,0
1756,1756,52,835.0,1.0,0
1757,1757,59,835.0,1.0,0
1758,1758,47,836.0,1.0,0
1759,1759,64,836.0,1.0,0
1760,1760,52,837.0,1.0,0
1761,1761,67,837.0,1.0,0
1762,1762,55,838.0,1.0,0
1763,1763,64,838.0,1.0,0
1764,1764,52,839.0,1.0,0
1765,1765,67,839.0,1.0,0
1766,1766,55,840.0,1.0,0
1767,1767,71,840.0,0.5,0
1768,1768,69,840.5,0.5,0
1769,1769,59,841.0,0.5,0
1770,1770,67,841.0,0.5,0
1771,1771,57,841.5,0.5,0
1772,1772,66,841.5,0.5,0
1773,1773,55,842.0,0.5,0
1774,1774,64,842.0,0.5,0
1775,1775,54,842.5,0.5,0
1776,1776,63,842.5,0.5,0
1777,1777,52,843.0,0.5,0
1778,1778,79,843.0,0.5,0
1779,1779,51,843.5,0.5,0
1780,1780,78,843.5,0.5,0
1781,1781,67,844.0,0.5,0
1782,1782,76,844.0,0.5,0
1783,1783,66,844.5,0.5,0
1784,1784,74,844.5,0.5,0
1785,1785,64,845.0,0.5,0
1786,1786,73,845.0,0.5,0
1787,1787,62,845.5,0.5,0
1788,1788,71,845.5,0.5,0
1789,1789,61,846.0,0.5,0
1790,1790,69,846.0,1.0,0
1791,1791,59,846.5,0.5,0
1792,1792,57,847.0,1.0,0
1793,1793,64,847.0,1.0,0
1794,1794,52,848.0,1.0,0
1795,1795,69,848.0,1.0,0
1796,1796,57,849.0,1.0,0
1797,1797,73,849.0,1.0,0
1798,1798,61,850.0,1.0,0
1799,1799,69,850.0,1.0,0
1800,1800,57,851.0,1.0,0
1801,1801,73,851.0,1.0,0
1802,1802,61,852.0,1.0,0
1803,1803,76,852.0,0.5,0
1804,1804,78,852.5,0.5,0
1805,1805,64,853.0,0.5,0
1806,1806,79,853.0,0.5,0
1807,1807,66,853.5,0.5,0
1808,1808,78,853.5,0.5,0
1809,1809,67,854.0,0.5,0
1810,1810,76,854.0,0.5,0
1811,1811,66,854.5,0.5,0
1812,1812,74,854.5,0.5,0
1813,1813,64,855.0,0.5,0
1814,1814,73,855.0,0.5,0
1815,1815,62,855.5,0.5,0
1816,1816,71,855.5,0.5,0
1817,1817,61,856.0,0.5,0
1818,1818,69,856.0,0.5,0
1819,1819,59,856.5,0.5,0
1820,1820,71,856.5,0.5,0
1821,1821,61,857.0,0.5,0
1822,1822,67,857.0,0.5,0
1823,1823,57,857.5,0.5,0
1824,1824,69,857.5,0.5,0
1825,1825,62,858.0,2.0,0
1826,1826,66,858.0,0.5,0
1827,1827,69,858.5,0.5,0
1828,1828,68,859.0,0.5,0
1829,1829,69,859.5,0.5,0
1830,1830,71,860.0,0.5,0
1831,1831,69,860.5,0.5,0
1832,1832,62,861.0,2.0,0
1833,1833,66,861.0,2.0,0
1834,1834,74,861.0,0.5,0
1835,1835,69,861.5,0.5,0
1836,1836,68,862.0,0.5,0
1837,1837,69,862.5,0.5,0
1838,1838,71,863.0,0.5,0
1839,1839,69,863.5,0.5,0
1840,1840,61,864.0,2.0,0
1841,1841,64,864.0,0.5,0
1842,1842,69,864.5,0.5,0
1843,1843,68,865.0,0.5,0
1844,1844,69,865.5,0.5,0
1845,1845,62,866.0,1.0,0
1846,1846,66,866.0,0.5,0
1847,1847,69,866.5,0.5,0
1848,1848,64,867.0,1.0,0
1849,1849,67,867.0,0.5,0
1850,1850,69,867.5,0.5,0
1851,1851,62,868.0,1.0,0
1852,1852,66,868.0,0.5,0
1853,1853,69,868.5,0.5,0
1854,1854,61,869.0,1.0,0
1855,1855,64,869.0,0.5,0
1856,1856,69,869.5,0.5,0
1857,1857,62,870.0,2.0,0
1858,1858,66,870.0,2.0,0
1859,1859,81,870.5,0.5,0
1860,1860,80,871.0,0.5,0
1861,1861,81,871.5,0.5,0
1862,1862,83,872.0,0.5,0
1863,1863,81,872.5,0.5,0
1864,1864,74,873.0,2.0,0
1865,1865,78,873.0,2.0,0
1866,1866,86,873.0,0.5,0
1867,1867,81,873.5,0.5,0
1868,1868,80,874.0,0.5,0
1869,1869,81,874.5,0.5,0
1870,1870,83,875.0,0.5,0
1871,1871,81,875.5,0.5,0
1872,1872,73,876.0,2.0,0
1873,1873,76,876.0,0.5,0
1874,1874,81,876.5,0.5,0
1875,1875,80,877.0,0.5,0
1876,1876,81,877.5,0.5,0
1877,1877,74,878.0,1.0,0
1878,1878,78,878.0,0.5,0
1879,1879,81,878.5,0.5,0
1880,1880,76,879.0,1.0,0
1881,1881,79,879.0,0.5,0
1882,1882,81,879.5,0.5,0
1883,1883,74,880.0,1.0,0
1884,1884,78,880.0,0.5,0
1885,1885,81,880.5,0.5,0
1886,1886,73,881.0,1.0,0
1887,1887,76,881.0,0.5,0
1888,1888,81,881.5,0.5,0
1889,1889,74,882.0,2.0,0
1890,1890,78,882.5,0.5,0
1891,1891,79,883.0,0.5,0
1892,1892,81,883.5,0.5,0
1893,1893,83,884.0,0.5,0
1894,1894,85,884.5,0.5,0
1895,1895,62,885.0,1.0,0
1896,1896,66,885.0,1.0,0
1897,1897,86,885.0,0.5,0
1898,1898,85,885.5,0.5,0
1899,1899,64,886.0,1.0,0
1900,1900,67,886.0,1.0,0
1901,1901,83,886.0,0.5,0
1902,1902,81,886.5,0.5,0
1903,1903,66,887.0,1.0,0
1904,1904,69,887.0,1.0,0
1905,1905,79,887.0,0.5,0
1906,1906,78,887.5,0.5,0
1907,1907,67,888.0,2.0,0
1908,1908,71,888.0,2.0,0
1909,1909,75,888.5,0.5,0
1910,1910,76,889.0,0.5,0
1911,1911,78,889.5,0.5,0
1912,1912,79,890.0,0.5,0
1913,1913,81,890.5,0.5,0
1914,1914,64,891.0,1.0,0
1915,1915,67,891.0,1.0,0
1916,1916,83,891.0,0.5,0
1917,1917,81,891.5,0.5,0
1918,1918,66,892.0,1.0,0
1919,1919,69,892.0,1.0,0
1920,1920,79,892.0,0.5,0
1921,1921,78,892.5,0.5,0
1922,1922,67,893.0,1.0,0
1923,1923,71,893.0,1.0,0
1924,1924,76,893.0,0.5,0
1925,1925,74,893.5,0.5,0
1926,1926,57,894.0,3.0,0
1927,1927,68,894.5,0.5,0
1928,1928,62,895.0,1.0,0
1929,1929,66,895.0,1.0,0
1930,1930,71,895.0,0.5,0
1931,1931,69,895.5,0.5,0
1932,1932,62,896.0,1.0,0
1933,1933,66,896.0,1.0,0
1934,1934,73,896.0,0.5,0
1935,1935,71,896.5,0.5,0
1936,1936,57,897.0,3.0,0
1937,1937,74,897.0,0.5,0
1938,1938,73,897.5,0.5,0
1939,1939,62,898.0,1.0,0
1940,1940,66,898.0,1.0,0
1941,1941,76,898.0,0.5,0
1942,1942,74,898.5,0.5,0
1943,1943,62,899.0,1.0,0
1944,1944,66,899.0,1.0,0
1945,1945,78,899.0,0.5,0
1946,1946,76,899.5,0.5,0
1947,1947,57,900.0,3.0,0
1948,1948,79,900.0,0.5,0
1949,1949,78,900.5,0.5,0
1950,1950,62,901.0,1.0,0
1951,1951,66,901.0,1.0,0
1952,1952,81,901.0,0.5,0
1953,1953,79,901.5,0.5,0
1954,1954,62,902.0,1.0,0
1955,1955,66,902.0,1.0,0
1956,1956,83,902.0,0.5,0
1957,1957,81,902.5,0.5,0
1958,1958,57,903.0,3.0,0
1959,1959,85,903.0,0.5,0
1960,1960,83,903.5,0.5,0
1961,1961,62,904.0,1.0,0
1962,1962,66,904.0,1.0,0
1963,1963,86,904.0,0.5,0
1964,1964,85,904.5,0.5,0
1965,1965,62,905.0,1.0,0
1966,1966,66,905.0,1.0,0
1967,1967,88,905.0,0.5,0
1968,1968,86,905.5,0.5,0
1969,1969,56,906.0,2.0,0
1970,1970,59,906.0,2.0,0
1971,1971,62,906.0,2.0,0
1972,1972,65,906.0,2.0,0
1973,1973,89,906.0,2.0,0
1974,1974,83,908.0,0.5,0
1975,1975,85,908.5,0.5,0
1976,1976,86,909.0,0.5,0
1977,1977,80,909.5,0.5,0
1978,1978,83,910.0,0.5,0
1979,1979,74,910.5,0.5,0
1980,1980,77,911.0,0.5,0
1981,1981,71,911.5,0.5,0
1982,1982,74,912.0,6.0,0
1983,1983,57,914.0,1.0,0
1984,1984,66,914.0,1.0,0
1985,1985,58,915.0,2.0,0
1986,1986,67,915.0,2.0,0
1987,1987,59,917.0,1.0,0
1988,1988,68,917.0,1.0,0
1989,1989,57,918.0,6.0,0
1990,1990,69,918.0,3.0,0
1991,1991,74,918.0,3.0,0
1992,1992,78,918.0,3.0,0
1993,1993,67,921.0,3.0,0
1994,1994,73,921.0,3.0,0
1995,1995,76,921.0,1.0,0
1996,1996,78,921.0,0.0,0
1997,1997,74,922.0,1.0,0
1998,1998,76,923.0,1.0,0
1999,1999,62,924.0,1.0,0
2000,2000,74,924.0,1.0,0
2001,2001,66,925.0,1.0,0
2002,2002,69,926.0,1.0,0
2003,2003,80,926.0,0.5,0
2004,2004,81,926.5,0.5,0
2005,2005,62,927.0,1.0,0
2006,2006,83,927.0,0.5,0
2007,2007,81,927.5,0.5,0
2008,2008,66,928.0,1.0,0
2009,2009,79,928.0,0.5,0
2010,2010,78,928.5,0.5,0
2011,2011,69,929.0,1.0,0
2012,2012,76,929.0,0.5,0
2013,2013,74,929.5,0.5,0
2014,2014,57,930.0,1.0,0
2015,2015,73,930.0,0.5,0
2016,2016,74,930.5,0.5,0
2017,2017,61,931.0,1.0,0
2018,2018,75,931.0,0.5,0
2019,2019,76,931.5,0.5,0
2020,2020,64,932.0,1.0,0
2021,2021,77,932.0,0.5,0
2022,2022,78,932.5,0.5,0
2023,2023,57,933.0,1.0,0
2024,2024,79,933.0,0.5,0
2025,2025,80,933.5,0.5,0
2026,2026,61,934.0,1.0,0
2027,2027,81,934.0,0.5,0
2028,2028,82,934.5,0.5,0
2029,2029,64,935.0,1.0,0
2030,2030,83,935.0,0.5,0
2031,2031,79,935.5,0.5,0
2032,2032,62,936.0,1.0,1
2033,2033,78,936.0,1.0,1
2034,2034,66,937.0,1.0,0
2035,2035,69,938.0,1.0,0
2036,2036,80,938.0,0.5,0
2037,2037,81,938.5,0.5,0
2038,2038,62,939.0,1.0,0
2039,2039,83,939.0,0.5,0
2040,2040,81,939.5,0.5,0
2041,2041,66,940.0,1.0,0
2042,2042,79,940.0,0.5,0
2043,2043,78,940.5,0.5,0
2044,2044,69,941.0,1.0,0
2045,2045,76,941.0,0.5,0
2046,2046,74,941.5,0.5,0
2047,2047,57,942.0,1.0,0
2048,2048,73,942.0,0.5,0
2049,2049,74,942.5,0.5,0
2050,2050,64,943.0,1.0,0
2051,2051,75,943.0,0.5,0
2052,2052,76,943.5,0.5,0
2053,2053,67,944.0,1.0,0
2054,2054,77,944.0,0.5,0
2055,2055,78,944.5,0.5,0
2056,2056,57,945.0,1.0,0
2057,2057,79,945.0,0.5,0
2058,2058,81,945.5,0.5,0
2059,2059,64,946.0,1.0,0
2060,2060,83,946.0,0.5,0
2061,2061,79,946.5,0.5,0
2062,2062,67,947.0,1.0,0
2063,2063,76,947.0,0.5,0
2064,2064,73,947.5,0.5,0
2065,2065,62,948.0,3.0,0
2066,2066,66,948.0,2.0,0
2067,2067,74,948.0,1.0,0
2068,2068,69,949.0,1.0,0
2069,2069,69,950.0,1.0,0
2070,2070,78,950.0,1.0,0
2071,2071,62,951.0,3.0,0
2072,2072,66,951.0,2.0,0
2073,2073,74,951.0,1.0,0
2074,2074,69,952.0,1.0,0
2075,2075,69,953.0,1.0,0
2076,2076,78,953.0,1.0,0
2077,2077,62,954.0,2.0,0
2078,2078,66,954.0,2.0,0
2079,2079,74,954.0,2.0,0
