,nid,pitch,onset,duration,ts,label
0,0,77.0,0.0,0.75,2,1.0
1,1,58.0,0.5,0.5,2,0.0
2,2,74.0,0.75,0.25,2,0.0
3,3,70.0,1.0,0.5,2,0.0
4,4,62.0,1.0,0.5,2,0.0
5,5,70.0,1.5,0.5,2,0.0
6,6,67.0,1.5,0.5,2,0.0
7,7,75.0,2.0,0.5,2,1.0
8,8,60.0,2.0,0.5,2,1.0
9,9,79.0,2.5,0.5,2,0.0
10,10,63.0,2.5,0.5,2,0.0
11,11,69.0,3.0,0.5,2,0.0
12,12,65.0,3.0,0.5,2,0.0
13,13,63.0,3.5,0.5,2,0.0
14,14,72.0,4.0,0.25,2,1.0
15,15,62.0,4.0,0.5,2,1.0
16,16,70.0,4.25,0.25,2,0.0
17,17,74.0,4.5,0.25,2,0.0
18,18,57.0,4.5,0.5,2,0.0
19,19,72.0,4.75,0.25,2,0.0
20,20,75.0,5.0,0.25,2,0.0
21,21,58.0,5.0,0.5,2,0.0
22,22,74.0,5.25,0.25,2,0.0
23,23,77.0,5.5,0.25,2,0.0
24,24,51.0,5.5,0.5,2,0.0
25,25,60.0,5.5,0.5,2,0.0
26,26,75.0,5.75,0.25,2,0.0
27,27,74.0,6.0,0.75,2,1.0
28,28,53.0,6.0,1.0,2,1.0
29,29,58.0,6.0,1.0,2,1.0
30,30,75.0,6.75,0.125,2,0.0
31,31,74.0,6.875,0.125,2,0.0
32,32,72.0,7.0,0.25,2,0.0
33,33,53.0,7.0,0.5,2,0.0
34,34,57.0,7.0,0.5,2,0.0
35,35,74.0,7.25,0.25,2,0.0
36,36,75.0,7.5,0.25,2,0.0
37,37,76.0,7.75,0.25,2,0.0
38,38,77.0,8.0,0.75,2,1.0
39,39,58.0,8.5,0.5,2,0.0
40,40,75.0,8.75,0.083333336,2,0.0
41,41,74.0,8.833333,0.083333336,2,0.0
42,42,72.0,8.916667,0.083333336,2,0.0
43,43,70.0,9.0,0.5,2,0.0
44,44,62.0,9.0,0.5,2,0.0
45,45,70.0,9.5,0.5,2,0.0
46,46,67.0,9.5,0.5,2,0.0
47,47,75.0,10.0,0.5,2,1.0
48,48,60.0,10.0,0.5,2,1.0
49,49,79.0,10.5,0.5,2,0.0
50,50,63.0,10.5,0.5,2,0.0
51,51,69.0,11.0,0.5,2,0.0
52,52,65.0,11.0,0.5,2,0.0
53,53,63.0,11.5,0.5,2,0.0
54,54,69.0,11.75,0.25,2,0.0
55,55,70.0,12.0,0.25,2,1.0
56,56,62.0,12.0,0.5,2,1.0
57,57,74.0,12.25,0.25,2,0.0
58,58,67.0,12.5,0.25,2,0.0
59,59,51.0,12.5,0.5,2,0.0
60,60,63.0,12.5,0.5,2,0.0
61,61,72.0,12.75,0.25,2,0.0
62,62,70.0,13.0,0.5,2,0.0
63,63,62.0,13.0,0.5,2,0.0
64,64,53.0,13.0,1.0,2,0.0
65,65,69.0,13.5,0.5,2,0.0
66,66,60.0,13.5,0.5,2,0.0
67,67,70.0,14.0,0.25,2,1.0
68,68,58.0,14.0,0.5,2,1.0
69,69,65.0,14.25,0.25,2,0.0
70,70,67.0,14.5,0.25,2,0.0
71,71,69.0,14.75,0.25,2,0.0
72,72,70.0,15.0,0.25,2,0.0
73,73,72.0,15.25,0.25,2,0.0
74,74,74.0,15.5,0.25,2,0.0
75,75,75.0,15.75,0.25,2,0.0
76,76,77.0,16.0,0.75,2,1.0
77,77,58.0,16.0,0.25,2,1.0
78,78,65.0,16.25,0.25,2,0.0
79,79,62.0,16.5,0.25,2,0.0
80,80,74.0,16.75,0.25,2,0.0
81,81,65.0,16.75,0.25,2,0.0
82,82,70.0,17.0,0.5,2,0.0
83,83,55.0,17.0,0.25,2,0.0
84,84,62.0,17.25,0.25,2,0.0
85,85,70.0,17.5,0.5,2,0.0
86,86,58.0,17.5,0.25,2,0.0
87,87,62.0,17.75,0.25,2,0.0
88,88,75.0,18.0,0.5,2,1.0
89,89,51.0,18.0,0.25,2,1.0
90,90,60.0,18.25,0.25,2,0.0
91,91,79.0,18.5,0.5,2,0.0
92,92,55.0,18.5,0.25,2,0.0
93,93,77.0,18.5,0.0,2,0.0
94,94,75.0,18.5,0.0,2,0.0
95,95,74.0,18.5,0.0,2,0.0
96,96,75.0,18.5,0.0,2,0.0
97,97,60.0,18.75,0.25,2,0.0
98,98,69.0,19.0,0.5,2,0.0
99,99,53.0,19.0,0.25,2,0.0
100,100,63.0,19.25,0.25,2,0.0
101,101,60.0,19.5,0.25,2,0.0
102,102,63.0,19.75,0.25,2,0.0
103,103,72.0,20.0,0.25,2,1.0
104,104,62.0,20.0,0.5,2,1.0
105,105,70.0,20.25,0.25,2,0.0
106,106,74.0,20.5,0.25,2,0.0
107,107,65.0,20.5,1.0,2,0.0
108,108,57.0,20.5,0.5,2,0.0
109,109,72.0,20.75,0.25,2,0.0
110,110,75.0,21.0,0.25,2,0.0
111,111,58.0,21.0,0.5,2,0.0
112,112,74.0,21.25,0.25,2,0.0
113,113,77.0,21.5,0.25,2,0.0
114,114,60.0,21.5,0.5,2,0.0
115,115,51.0,21.5,0.5,2,0.0
116,116,75.0,21.75,0.25,2,0.0
117,117,74.0,22.0,0.75,2,1.0
118,118,53.0,22.0,1.5,2,1.0
119,119,58.0,22.0,1.0,2,1.0
120,120,75.0,22.75,0.125,2,0.0
121,121,74.0,22.875,0.125,2,0.0
122,122,72.0,23.0,0.25,2,0.0
123,123,57.0,23.0,0.5,2,0.0
124,124,74.0,23.25,0.25,2,0.0
125,125,75.0,23.5,0.25,2,0.0
126,126,76.0,23.75,0.25,2,0.0
127,127,77.0,24.0,0.75,2,1.0
128,128,58.0,24.0,0.25,2,1.0
129,129,65.0,24.25,0.25,2,0.0
130,130,62.0,24.5,0.25,2,0.0
131,131,75.0,24.75,0.083333336,2,0.0
132,132,65.0,24.75,0.25,2,0.0
133,133,74.0,24.833334,0.083333336,2,0.0
134,134,72.0,24.916666,0.083333336,2,0.0
135,135,70.0,25.0,0.25,2,0.0
136,136,55.0,25.0,0.25,2,0.0
137,137,70.0,25.25,0.25,2,0.0
138,138,62.0,25.25,0.25,2,0.0
139,139,70.0,25.5,0.25,2,0.0
140,140,58.0,25.5,0.25,2,0.0
141,141,70.0,25.75,0.25,2,0.0
142,142,62.0,25.75,0.25,2,0.0
143,143,75.0,26.0,0.5,2,1.0
144,144,51.0,26.0,0.25,2,1.0
145,145,60.0,26.25,0.25,2,0.0
146,146,79.0,26.5,0.5,2,0.0
147,147,55.0,26.5,0.25,2,0.0
148,148,77.0,26.5,0.0,2,0.0
149,149,75.0,26.5,0.0,2,0.0
150,150,74.0,26.5,0.0,2,0.0
151,151,75.0,26.5,0.0,2,0.0
152,152,60.0,26.75,0.25,2,0.0
153,153,69.0,27.0,0.5,2,0.0
154,154,53.0,27.0,0.25,2,0.0
155,155,63.0,27.25,0.25,2,0.0
156,156,60.0,27.5,0.25,2,0.0
157,157,81.0,27.75,0.25,2,0.0
158,158,63.0,27.75,0.25,2,0.0
159,159,82.0,28.0,0.16666667,2,1.0
160,160,58.0,28.0,1.0,2,1.0
161,161,50.0,28.0,0.5,2,1.0
162,162,77.0,28.166666,0.16666667,2,0.0
163,163,74.0,28.333334,0.16666667,2,0.0
164,164,79.0,28.5,0.16666667,2,0.0
165,165,51.0,28.5,0.5,2,0.0
166,166,75.0,28.666666,0.16666667,2,0.0
167,167,72.0,28.833334,0.16666667,2,0.0
168,168,77.0,29.0,0.16666667,2,0.0
169,169,62.0,29.0,0.5,2,0.0
170,170,53.0,29.0,1.0,2,0.0
171,171,74.0,29.166666,0.16666667,2,0.0
172,172,70.0,29.333334,0.16666667,2,0.0
173,173,75.0,29.5,0.16666667,2,0.0
174,174,63.0,29.5,0.5,2,0.0
175,175,72.0,29.666666,0.16666667,2,0.0
176,176,69.0,29.833334,0.16666667,2,0.0
177,177,70.0,30.0,0.5,2,1.0
178,178,58.0,30.0,0.5,2,1.0
179,179,62.0,30.0,0.5,2,1.0
180,180,46.0,30.5,0.5,2,0.0
181,181,65.0,30.75,0.25,2,0.0
182,182,70.0,31.0,0.25,2,0.0
183,183,69.0,31.25,0.25,2,0.0
184,184,70.0,31.5,0.25,2,0.0
185,185,72.0,31.75,0.25,2,0.0
186,186,74.0,32.0,0.5,2,1.0
187,187,70.0,32.5,0.5,2,0.0
188,188,74.0,32.5,0.5,2,0.0
189,189,58.0,32.5,0.5,2,0.0
190,190,70.0,33.0,0.5,2,0.0
191,191,74.0,33.0,0.5,2,0.0
192,192,55.0,33.0,0.5,2,0.0
193,193,72.0,33.5,0.5,2,0.0
194,194,75.0,33.5,0.5,2,0.0
195,195,51.0,33.5,0.5,2,0.0
196,196,69.0,34.0,0.5,2,1.0
197,197,72.0,34.0,0.5,2,1.0
198,198,53.0,34.0,0.5,2,1.0
199,199,41.0,34.5,0.5,2,0.0
200,200,65.0,34.75,0.25,2,0.0
201,201,72.0,35.0,0.25,2,0.0
202,202,70.0,35.25,0.25,2,0.0
203,203,72.0,35.5,0.25,2,0.0
204,204,74.0,35.75,0.25,2,0.0
205,205,75.0,36.0,0.5,2,1.0
206,206,67.0,36.5,0.5,2,0.0
207,207,75.0,36.5,0.5,2,0.0
208,208,60.0,36.5,0.5,2,0.0
209,209,72.0,37.0,0.5,2,0.0
210,210,75.0,37.0,0.5,2,0.0
211,211,57.0,37.0,0.5,2,0.0
212,212,69.0,37.5,0.5,2,0.0
213,213,77.0,37.5,0.5,2,0.0
214,214,53.0,37.5,0.5,2,0.0
215,215,70.0,38.0,0.5,2,1.0
216,216,74.0,38.0,0.5,2,1.0
217,217,58.0,38.0,0.5,2,1.0
218,218,46.0,38.5,0.5,2,0.0
219,219,70.0,38.75,0.25,2,0.0
220,220,74.0,39.0,0.25,2,0.0
221,221,72.0,39.25,0.25,2,0.0
222,222,74.0,39.5,0.25,2,0.0
223,223,76.0,39.75,0.25,2,0.0
224,224,77.0,40.0,0.5,2,1.0
225,225,57.0,40.25,0.25,2,0.0
226,226,60.0,40.5,0.25,2,0.0
227,227,77.0,40.666668,0.16666667,2,0.0
228,228,57.0,40.75,0.25,2,0.0
229,229,79.0,40.833332,0.16666667,2,0.0
230,230,81.0,41.0,0.16666667,2,0.0
231,231,65.0,41.0,0.5,2,0.0
232,232,79.0,41.166668,0.16666667,2,0.0
233,233,77.0,41.333332,0.16666667,2,0.0
234,234,76.0,41.5,0.16666667,2,0.0
235,235,74.0,41.666668,0.16666667,2,0.0
236,236,72.0,41.833332,0.16666667,2,0.0
237,237,70.0,42.0,0.5,2,1.0
238,238,55.0,42.25,0.25,2,0.0
239,239,58.0,42.5,0.25,2,0.0
240,240,76.0,42.666668,0.16666667,2,0.0
241,241,55.0,42.75,0.25,2,0.0
242,242,77.0,42.833332,0.16666667,2,0.0
243,243,79.0,43.0,0.16666667,2,0.0
244,244,64.0,43.0,0.5,2,0.0
245,245,77.0,43.166668,0.16666667,2,0.0
246,246,76.0,43.333332,0.16666667,2,0.0
247,247,74.0,43.5,0.16666667,2,0.0
248,248,72.0,43.666668,0.16666667,2,0.0
249,249,70.0,43.833332,0.16666667,2,0.0
250,250,69.0,44.0,0.125,2,1.0
251,251,65.0,44.0,0.5,2,1.0
252,252,72.0,44.125,0.125,2,0.0
253,253,70.0,44.25,0.125,2,0.0
254,254,69.0,44.375,0.125,2,0.0
255,255,70.0,44.5,0.125,2,0.0
256,256,72.0,44.625,0.125,2,0.0
257,257,74.0,44.75,0.125,2,0.0
258,258,76.0,44.875,0.125,2,0.0
259,259,77.0,45.0,0.125,2,0.0
260,260,79.0,45.125,0.125,2,0.0
261,261,81.0,45.25,0.125,2,0.0
262,262,82.0,45.375,0.125,2,0.0
263,263,84.0,45.5,0.25,2,0.0
264,264,53.0,45.5,0.5,2,0.0
265,265,65.0,45.75,0.25,2,0.0
266,266,69.0,45.75,0.25,2,0.0
267,267,65.0,46.0,0.5,2,1.0
268,268,69.0,46.0,0.5,2,1.0
269,269,48.0,46.0,0.25,2,1.0
270,270,60.0,46.25,0.25,2,0.0
271,271,64.0,46.5,0.5,2,0.0
272,272,67.0,46.5,0.5,2,0.0
273,273,59.0,46.5,0.25,2,0.0
274,274,60.0,46.75,0.25,2,0.0
275,275,79.0,47.0,0.75,2,0.0
276,276,58.0,47.0,0.25,2,0.0
277,277,60.0,47.25,0.25,2,0.0
278,278,58.0,47.5,0.25,2,0.0
279,279,76.0,47.75,0.125,2,0.0
280,280,60.0,47.75,0.25,2,0.0
281,281,72.0,47.875,0.125,2,0.0
282,282,77.0,48.0,0.5,2,1.0
283,283,57.0,48.0,0.25,2,1.0
284,284,60.0,48.25,0.25,2,0.0
285,285,78.0,48.5,0.5,2,0.0
286,286,57.0,48.5,0.25,2,0.0
287,287,60.0,48.75,0.25,2,0.0
288,288,79.0,49.0,0.75,2,0.0
289,289,58.0,49.0,0.25,2,0.0
290,290,60.0,49.25,0.25,2,0.0
291,291,58.0,49.5,0.25,2,0.0
292,292,76.0,49.75,0.125,2,0.0
293,293,60.0,49.75,0.25,2,0.0
294,294,72.0,49.875,0.125,2,0.0
295,295,77.0,50.0,0.5,2,1.0
296,296,57.0,50.0,0.25,2,1.0
297,297,60.0,50.25,0.25,2,0.0
298,298,57.0,50.5,0.25,2,0.0
299,299,60.0,50.75,0.25,2,0.0
300,300,79.0,51.0,0.25,2,0.0
301,301,58.0,51.0,0.25,2,0.0
302,302,79.0,51.25,0.5,2,0.0
303,303,60.0,51.25,0.25,2,0.0
304,304,58.0,51.5,0.25,2,0.0
305,305,76.0,51.75,0.125,2,0.0
306,306,60.0,51.75,0.25,2,0.0
307,307,72.0,51.875,0.125,2,0.0
308,308,77.0,52.0,0.25,2,1.0
309,309,57.0,52.0,0.25,2,1.0
310,310,77.0,52.25,0.25,2,0.0
311,311,60.0,52.25,0.25,2,0.0
312,312,78.0,52.5,0.25,2,0.0
313,313,57.0,52.5,0.25,2,0.0
314,314,78.0,52.75,0.25,2,0.0
315,315,60.0,52.75,0.25,2,0.0
316,316,79.0,53.0,0.25,2,0.0
317,317,58.0,53.0,0.25,2,0.0
318,318,79.0,53.25,0.5,2,0.0
319,319,60.0,53.25,0.25,2,0.0
320,320,58.0,53.5,0.25,2,0.0
321,321,76.0,53.75,0.125,2,0.0
322,322,60.0,53.75,0.25,2,0.0
323,323,72.0,53.875,0.125,2,0.0
324,324,77.0,54.0,0.5,2,1.0
325,325,57.0,54.0,0.25,2,1.0
326,326,60.0,54.25,0.25,2,0.0
327,327,57.0,54.5,0.25,2,0.0
328,328,60.0,54.75,0.25,2,0.0
329,329,78.0,55.0,0.125,2,0.0
330,330,58.0,55.0,0.25,2,0.0
331,331,79.0,55.125,0.125,2,0.0
332,332,81.0,55.25,0.125,2,0.0
333,333,60.0,55.25,0.25,2,0.0
334,334,79.0,55.375,0.125,2,0.0
335,335,77.0,55.5,0.125,2,0.0
336,336,58.0,55.5,0.25,2,0.0
337,337,76.0,55.625,0.125,2,0.0
338,338,74.0,55.75,0.125,2,0.0
339,339,60.0,55.75,0.25,2,0.0
340,340,72.0,55.875,0.125,2,0.0
341,341,77.0,56.0,0.125,2,1.0
342,342,57.0,56.0,0.5,2,1.0
343,343,72.0,56.125,0.125,2,0.0
344,344,81.0,56.25,0.125,2,0.0
345,345,77.0,56.375,0.125,2,0.0
346,346,84.0,56.5,0.125,2,0.0
347,347,81.0,56.625,0.125,2,0.0
348,348,84.0,56.75,0.125,2,0.0
349,349,81.0,56.875,0.125,2,0.0
350,350,84.0,57.0,0.125,2,0.0
351,351,82.0,57.125,0.125,2,0.0
352,352,81.0,57.25,0.125,2,0.0
353,353,79.0,57.375,0.125,2,0.0
354,354,77.0,57.5,0.125,2,0.0
355,355,57.0,57.5,0.5,2,0.0
356,356,65.0,57.5,0.5,2,0.0
357,357,75.0,57.625,0.125,2,0.0
358,358,74.0,57.75,0.125,2,0.0
359,359,72.0,57.875,0.125,2,0.0
360,360,74.0,58.0,0.125,2,1.0
361,361,58.0,58.0,0.5,2,1.0
362,362,65.0,58.0,0.5,2,1.0
363,363,70.0,58.125,0.125,2,0.0
364,364,77.0,58.25,0.125,2,0.0
365,365,74.0,58.375,0.125,2,0.0
366,366,82.0,58.5,0.125,2,0.0
367,367,77.0,58.625,0.125,2,0.0
368,368,86.0,58.75,0.125,2,0.0
369,369,82.0,58.875,0.125,2,0.0
370,370,86.0,59.0,0.125,2,0.0
371,371,84.0,59.125,0.125,2,0.0
372,372,82.0,59.25,0.125,2,0.0
373,373,81.0,59.375,0.125,2,0.0
374,374,79.0,59.5,0.125,2,0.0
375,375,58.0,59.5,0.5,2,0.0
376,376,65.0,59.5,0.5,2,0.0
377,377,67.0,59.5,0.5,2,0.0
378,378,77.0,59.625,0.125,2,0.0
379,379,76.0,59.75,0.125,2,0.0
380,380,74.0,59.875,0.125,2,0.0
381,381,72.0,60.0,1.0,2,1.0
382,382,60.0,60.0,0.25,2,1.0
383,383,69.0,60.25,0.25,2,0.0
384,384,65.0,60.5,0.25,2,0.0
385,385,69.0,60.75,0.25,2,0.0
386,386,79.0,61.0,0.75,2,0.0
387,387,60.0,61.0,0.25,2,0.0
388,388,70.0,61.25,0.25,2,0.0
389,389,64.0,61.5,0.25,2,0.0
390,390,77.0,61.75,0.125,2,0.0
391,391,70.0,61.75,0.25,2,0.0
392,392,79.0,61.875,0.125,2,0.0
393,393,81.0,62.0,0.125,2,1.0
394,394,65.0,62.0,0.5,2,1.0
395,395,82.0,62.125,0.125,2,0.0
396,396,84.0,62.25,0.125,2,0.0
397,397,82.0,62.375,0.125,2,0.0
398,398,81.0,62.5,0.125,2,0.0
399,399,79.0,62.625,0.125,2,0.0
400,400,77.0,62.75,0.125,2,0.0
401,401,67.0,62.75,0.25,2,0.0
402,402,76.0,62.875,0.125,2,0.0
403,403,77.0,63.0,0.125,2,0.0
404,404,69.0,63.0,0.5,2,0.0
405,405,79.0,63.125,0.125,2,0.0
406,406,81.0,63.25,0.125,2,0.0
407,407,79.0,63.375,0.125,2,0.0
408,408,77.0,63.5,0.125,2,0.0
409,409,75.0,63.625,0.125,2,0.0
410,410,74.0,63.75,0.125,2,0.0
411,411,57.0,63.75,0.25,2,0.0
412,412,73.0,63.875,0.125,2,0.0
413,413,74.0,64.0,0.125,2,1.0
414,414,58.0,64.0,0.5,2,1.0
415,415,76.0,64.125,0.125,2,0.0
416,416,77.0,64.25,0.125,2,0.0
417,417,76.0,64.375,0.125,2,0.0
418,418,74.0,64.5,0.125,2,0.0
419,419,72.0,64.625,0.125,2,0.0
420,420,70.0,64.75,0.125,2,0.0
421,421,69.0,64.875,0.125,2,0.0
422,422,67.0,65.0,0.125,2,0.0
423,423,34.0,65.0,0.5,2,0.0
424,424,46.0,65.0,0.5,2,0.0
425,425,69.0,65.125,0.125,2,0.0
426,426,70.0,65.25,0.125,2,0.0
427,427,69.0,65.375,0.125,2,0.0
428,428,67.0,65.5,0.125,2,0.0
429,429,65.0,65.625,0.125,2,0.0
430,430,64.0,65.75,0.125,2,0.0
431,431,62.0,65.875,0.125,2,0.0
432,432,60.0,66.0,0.25,2,1.0
433,433,48.0,66.0,0.25,2,1.0
434,434,62.0,66.25,0.125,2,0.0
435,435,57.0,66.25,0.25,2,0.0
436,436,64.0,66.375,0.125,2,0.0
437,437,65.0,66.5,0.125,2,0.0
438,438,53.0,66.5,0.25,2,0.0
439,439,67.0,66.625,0.125,2,0.0
440,440,69.0,66.75,0.125,2,0.0
441,441,57.0,66.75,0.25,2,0.0
442,442,70.0,66.875,0.125,2,0.0
443,443,72.0,67.0,0.125,2,0.0
444,444,48.0,67.0,0.25,2,0.0
445,445,74.0,67.125,0.125,2,0.0
446,446,76.0,67.25,0.125,2,0.0
447,447,57.0,67.25,0.25,2,0.0
448,448,77.0,67.375,0.125,2,0.0
449,449,79.0,67.5,0.125,2,0.0
450,450,53.0,67.5,0.25,2,0.0
451,451,81.0,67.625,0.125,2,0.0
452,452,82.0,67.75,0.125,2,0.0
453,453,57.0,67.75,0.25,2,0.0
454,454,84.0,67.875,0.125,2,0.0
455,455,79.0,68.0,2.0,2,1.0
456,456,48.0,68.0,0.25,2,1.0
457,457,77.0,68.0,0.0,2,1.0
458,458,79.0,68.0,0.0,2,1.0
459,459,81.0,68.0,0.0,2,1.0
460,460,58.0,68.25,0.25,2,0.0
461,461,52.0,68.5,0.25,2,0.0
462,462,58.0,68.75,0.25,2,0.0
463,463,48.0,69.0,0.25,2,0.0
464,464,58.0,69.25,0.25,2,0.0
465,465,52.0,69.5,0.25,2,0.0
466,466,58.0,69.75,0.25,2,0.0
467,467,77.0,70.0,0.25,2,1.0
468,468,57.0,70.0,0.5,2,1.0
469,469,53.0,70.0,0.5,2,1.0
470,470,77.0,70.0,0.0,2,1.0
471,471,79.0,70.0,0.0,2,1.0
472,472,77.0,70.25,0.25,2,0.0
473,473,57.0,70.5,0.5,2,0.0
474,474,53.0,70.5,0.5,2,0.0
475,475,77.0,70.75,0.25,2,0.0
476,476,77.0,71.0,0.25,2,0.0
477,477,77.0,71.25,0.25,2,0.0
478,478,57.0,71.5,0.5,2,0.0
479,479,53.0,71.5,0.5,2,0.0
480,480,77.0,71.75,0.25,2,0.0
481,481,77.0,72.0,0.25,2,1.0
482,482,55.0,72.0,0.5,2,1.0
483,483,58.0,72.0,0.5,2,1.0
484,484,53.0,72.0,0.5,2,1.0
485,485,77.0,72.25,0.25,2,0.0
486,486,55.0,72.5,0.5,2,0.0
487,487,58.0,72.5,0.5,2,0.0
488,488,53.0,72.5,0.5,2,0.0
489,489,77.0,72.75,0.25,2,0.0
490,490,77.0,73.0,0.25,2,0.0
491,491,77.0,73.25,0.25,2,0.0
492,492,56.0,73.5,0.5,2,0.0
493,493,59.0,73.5,0.5,2,0.0
494,494,53.0,73.5,0.5,2,0.0
495,495,77.0,73.75,0.25,2,0.0
496,496,77.0,74.0,0.25,2,1.0
497,497,57.0,74.0,0.5,2,1.0
498,498,60.0,74.0,0.5,2,1.0
499,499,53.0,74.0,1.0,2,1.0
500,500,77.0,74.25,0.25,2,0.0
501,501,57.0,74.5,0.5,2,0.0
502,502,61.0,74.5,0.5,2,0.0
503,503,77.0,74.75,0.25,2,0.0
504,504,77.0,75.0,0.25,2,0.0
505,505,58.0,75.0,0.5,2,0.0
506,506,62.0,75.0,0.5,2,0.0
507,507,53.0,75.0,1.0,2,0.0
508,508,77.0,75.25,0.25,2,0.0
509,509,59.0,75.5,0.5,2,0.0
510,510,62.0,75.5,0.5,2,0.0
511,511,77.0,75.75,0.25,2,0.0
512,512,77.0,76.0,0.25,2,1.0
513,513,53.0,76.0,2.0,2,1.0
514,514,60.0,76.0,2.0,2,1.0
515,515,63.0,76.0,2.0,2,1.0
516,516,81.0,76.25,0.25,2,0.0
517,517,81.0,76.5,0.25,2,0.0
518,518,84.0,76.75,0.25,2,0.0
519,519,84.0,77.0,0.25,2,0.0
520,520,87.0,77.25,0.25,2,0.0
521,521,87.0,77.5,0.25,2,0.0
522,522,84.0,77.75,0.25,2,0.0
523,523,84.0,78.0,0.25,2,1.0
524,524,81.0,78.25,0.25,2,0.0
525,525,81.0,78.5,0.25,2,0.0
526,526,77.0,78.75,0.25,2,0.0
527,527,77.0,79.0,0.25,2,0.0
528,528,76.0,79.25,0.25,2,0.0
529,529,76.0,79.5,0.25,2,0.0
530,530,77.0,79.75,0.25,2,0.0
531,531,77.0,80.0,0.75,2,1.0
532,532,58.0,80.5,0.5,2,0.0
533,533,74.0,80.75,0.25,2,0.0
534,534,70.0,81.0,0.5,2,0.0
535,535,62.0,81.0,0.5,2,0.0
536,536,70.0,81.5,0.5,2,0.0
537,537,67.0,81.5,0.5,2,0.0
538,538,75.0,82.0,0.5,2,1.0
539,539,60.0,82.0,0.5,2,1.0
540,540,79.0,82.5,0.5,2,0.0
541,541,63.0,82.5,0.5,2,0.0
542,542,69.0,83.0,0.5,2,0.0
543,543,65.0,83.0,0.5,2,0.0
544,544,63.0,83.5,0.5,2,0.0
545,545,72.0,84.0,0.25,2,1.0
546,546,62.0,84.0,0.5,2,1.0
547,547,70.0,84.25,0.25,2,0.0
548,548,74.0,84.5,0.25,2,0.0
549,549,57.0,84.5,0.5,2,0.0
550,550,72.0,84.75,0.25,2,0.0
551,551,75.0,85.0,0.25,2,0.0
552,552,58.0,85.0,0.5,2,0.0
553,553,74.0,85.25,0.25,2,0.0
554,554,77.0,85.5,0.25,2,0.0
555,555,51.0,85.5,0.5,2,0.0
556,556,60.0,85.5,0.5,2,0.0
557,557,75.0,85.75,0.25,2,0.0
558,558,74.0,86.0,0.75,2,1.0
559,559,53.0,86.0,1.5,2,1.0
560,560,58.0,86.0,1.0,2,1.0
561,561,75.0,86.75,0.125,2,0.0
562,562,74.0,86.875,0.125,2,0.0
563,563,72.0,87.0,0.25,2,0.0
564,564,57.0,87.0,0.5,2,0.0
565,565,74.0,87.25,0.25,2,0.0
566,566,75.0,87.5,0.25,2,0.0
567,567,76.0,87.75,0.25,2,0.0
568,568,77.0,88.0,0.75,2,1.0
569,569,58.0,88.5,0.5,2,0.0
570,570,75.0,88.75,0.083333336,2,0.0
571,571,74.0,88.833336,0.083333336,2,0.0
572,572,72.0,88.916664,0.083333336,2,0.0
573,573,70.0,89.0,0.5,2,0.0
574,574,62.0,89.0,0.5,2,0.0
575,575,70.0,89.5,0.5,2,0.0
576,576,67.0,89.5,0.5,2,0.0
577,577,75.0,90.0,0.5,2,1.0
578,578,60.0,90.0,0.5,2,1.0
579,579,79.0,90.5,0.5,2,0.0
580,580,63.0,90.5,0.5,2,0.0
581,581,69.0,91.0,0.5,2,0.0
582,582,65.0,91.0,0.5,2,0.0
583,583,63.0,91.5,0.5,2,0.0
584,584,69.0,91.75,0.25,2,0.0
585,585,70.0,92.0,0.25,2,1.0
586,586,62.0,92.0,0.5,2,1.0
587,587,74.0,92.25,0.25,2,0.0
588,588,67.0,92.5,0.25,2,0.0
589,589,51.0,92.5,0.5,2,0.0
590,590,63.0,92.5,0.5,2,0.0
591,591,72.0,92.75,0.25,2,0.0
592,592,70.0,93.0,0.5,2,0.0
593,593,62.0,93.0,0.5,2,0.0
594,594,53.0,93.0,1.0,2,0.0
595,595,69.0,93.5,0.5,2,0.0
596,596,60.0,93.5,0.5,2,0.0
597,597,70.0,94.0,0.25,2,1.0
598,598,58.0,94.0,0.5,2,1.0
599,599,65.0,94.25,0.25,2,0.0
600,600,67.0,94.5,0.25,2,0.0
601,601,69.0,94.75,0.25,2,0.0
602,602,70.0,95.0,0.25,2,0.0
603,603,72.0,95.25,0.25,2,0.0
604,604,74.0,95.5,0.25,2,0.0
605,605,75.0,95.75,0.25,2,0.0
606,606,77.0,96.0,0.75,2,1.0
607,607,58.0,96.0,0.25,2,1.0
608,608,65.0,96.25,0.25,2,0.0
609,609,62.0,96.5,0.25,2,0.0
610,610,74.0,96.75,0.25,2,0.0
611,611,65.0,96.75,0.25,2,0.0
612,612,70.0,97.0,0.5,2,0.0
613,613,55.0,97.0,0.25,2,0.0
614,614,62.0,97.25,0.25,2,0.0
615,615,70.0,97.5,0.5,2,0.0
616,616,58.0,97.5,0.25,2,0.0
617,617,62.0,97.75,0.25,2,0.0
618,618,75.0,98.0,0.5,2,1.0
619,619,51.0,98.0,0.25,2,1.0
620,620,60.0,98.25,0.25,2,0.0
621,621,79.0,98.5,0.5,2,0.0
622,622,55.0,98.5,0.25,2,0.0
623,623,77.0,98.5,0.0,2,0.0
624,624,75.0,98.5,0.0,2,0.0
625,625,74.0,98.5,0.0,2,0.0
626,626,75.0,98.5,0.0,2,0.0
627,627,60.0,98.75,0.25,2,0.0
628,628,69.0,99.0,0.5,2,0.0
629,629,53.0,99.0,0.25,2,0.0
630,630,63.0,99.25,0.25,2,0.0
631,631,60.0,99.5,0.25,2,0.0
632,632,63.0,99.75,0.25,2,0.0
633,633,72.0,100.0,0.25,2,1.0
634,634,62.0,100.0,0.5,2,1.0
635,635,70.0,100.25,0.25,2,0.0
636,636,74.0,100.5,0.25,2,0.0
637,637,65.0,100.5,1.0,2,0.0
638,638,57.0,100.5,0.5,2,0.0
639,639,72.0,100.75,0.25,2,0.0
640,640,75.0,101.0,0.25,2,0.0
641,641,58.0,101.0,0.5,2,0.0
642,642,74.0,101.25,0.25,2,0.0
643,643,77.0,101.5,0.25,2,0.0
644,644,60.0,101.5,0.5,2,0.0
645,645,51.0,101.5,0.5,2,0.0
646,646,75.0,101.75,0.25,2,0.0
647,647,74.0,102.0,0.75,2,1.0
648,648,53.0,102.0,1.5,2,1.0
649,649,58.0,102.0,1.0,2,1.0
650,650,75.0,102.75,0.125,2,0.0
651,651,74.0,102.875,0.125,2,0.0
652,652,72.0,103.0,0.25,2,0.0
653,653,57.0,103.0,0.5,2,0.0
654,654,74.0,103.25,0.25,2,0.0
655,655,75.0,103.5,0.25,2,0.0
656,656,76.0,103.75,0.25,2,0.0
657,657,77.0,104.0,0.75,2,1.0
658,658,58.0,104.0,0.25,2,1.0
659,659,65.0,104.25,0.25,2,0.0
660,660,62.0,104.5,0.25,2,0.0
661,661,75.0,104.75,0.083333336,2,0.0
662,662,65.0,104.75,0.25,2,0.0
663,663,74.0,104.833336,0.083333336,2,0.0
664,664,72.0,104.916664,0.083333336,2,0.0
665,665,70.0,105.0,0.25,2,0.0
666,666,55.0,105.0,0.25,2,0.0
667,667,70.0,105.25,0.25,2,0.0
668,668,62.0,105.25,0.25,2,0.0
669,669,70.0,105.5,0.25,2,0.0
670,670,58.0,105.5,0.25,2,0.0
671,671,70.0,105.75,0.25,2,0.0
672,672,62.0,105.75,0.25,2,0.0
673,673,75.0,106.0,0.5,2,1.0
674,674,51.0,106.0,0.25,2,1.0
675,675,60.0,106.25,0.25,2,0.0
676,676,79.0,106.5,0.5,2,0.0
677,677,55.0,106.5,0.25,2,0.0
678,678,77.0,106.5,0.0,2,0.0
679,679,75.0,106.5,0.0,2,0.0
680,680,74.0,106.5,0.0,2,0.0
681,681,75.0,106.5,0.0,2,0.0
682,682,60.0,106.75,0.25,2,0.0
683,683,69.0,107.0,0.5,2,0.0
684,684,53.0,107.0,0.25,2,0.0
685,685,63.0,107.25,0.25,2,0.0
686,686,60.0,107.5,0.25,2,0.0
687,687,81.0,107.75,0.25,2,0.0
688,688,63.0,107.75,0.25,2,0.0
689,689,82.0,108.0,0.16666667,2,1.0
690,690,58.0,108.0,1.0,2,1.0
691,691,50.0,108.0,0.5,2,1.0
692,692,77.0,108.166664,0.16666667,2,0.0
693,693,74.0,108.333336,0.16666667,2,0.0
694,694,79.0,108.5,0.16666667,2,0.0
695,695,51.0,108.5,0.5,2,0.0
696,696,75.0,108.666664,0.16666667,2,0.0
697,697,72.0,108.833336,0.16666667,2,0.0
698,698,77.0,109.0,0.16666667,2,0.0
699,699,62.0,109.0,0.5,2,0.0
700,700,53.0,109.0,1.0,2,0.0
701,701,74.0,109.166664,0.16666667,2,0.0
702,702,70.0,109.333336,0.16666667,2,0.0
703,703,75.0,109.5,0.16666667,2,0.0
704,704,63.0,109.5,0.5,2,0.0
705,705,72.0,109.666664,0.16666667,2,0.0
706,706,69.0,109.833336,0.16666667,2,0.0
707,707,70.0,110.0,0.5,2,1.0
708,708,58.0,110.0,0.5,2,1.0
709,709,62.0,110.0,0.5,2,1.0
710,710,46.0,110.5,0.5,2,0.0
711,711,65.0,110.75,0.25,2,0.0
712,712,70.0,111.0,0.25,2,0.0
713,713,69.0,111.25,0.25,2,0.0
714,714,70.0,111.5,0.25,2,0.0
715,715,72.0,111.75,0.25,2,0.0
716,716,74.0,112.0,0.5,2,1.0
717,717,70.0,112.5,0.5,2,0.0
718,718,74.0,112.5,0.5,2,0.0
719,719,58.0,112.5,0.5,2,0.0
720,720,70.0,113.0,0.5,2,0.0
721,721,74.0,113.0,0.5,2,0.0
722,722,55.0,113.0,0.5,2,0.0
723,723,72.0,113.5,0.5,2,0.0
724,724,75.0,113.5,0.5,2,0.0
725,725,51.0,113.5,0.5,2,0.0
726,726,69.0,114.0,0.5,2,1.0
727,727,72.0,114.0,0.5,2,1.0
728,728,53.0,114.0,0.5,2,1.0
729,729,41.0,114.5,0.5,2,0.0
730,730,65.0,114.75,0.25,2,0.0
731,731,72.0,115.0,0.25,2,0.0
732,732,70.0,115.25,0.25,2,0.0
733,733,72.0,115.5,0.25,2,0.0
734,734,74.0,115.75,0.25,2,0.0
735,735,75.0,116.0,0.5,2,1.0
736,736,67.0,116.5,0.5,2,0.0
737,737,75.0,116.5,0.5,2,0.0
738,738,60.0,116.5,0.5,2,0.0
739,739,72.0,117.0,0.5,2,0.0
740,740,75.0,117.0,0.5,2,0.0
741,741,57.0,117.0,0.5,2,0.0
742,742,69.0,117.5,0.5,2,0.0
743,743,77.0,117.5,0.5,2,0.0
744,744,53.0,117.5,0.5,2,0.0
745,745,70.0,118.0,0.5,2,1.0
746,746,74.0,118.0,0.5,2,1.0
747,747,58.0,118.0,0.5,2,1.0
748,748,46.0,118.5,0.5,2,0.0
749,749,70.0,118.75,0.25,2,0.0
750,750,74.0,119.0,0.25,2,0.0
751,751,72.0,119.25,0.25,2,0.0
752,752,74.0,119.5,0.25,2,0.0
753,753,75.0,119.75,0.25,2,0.0
754,754,77.0,120.0,0.5,2,1.0
755,755,77.0,120.5,0.5,2,0.0
756,756,58.0,120.5,0.5,2,0.0
757,757,62.0,120.5,0.5,2,0.0
758,758,77.0,121.0,0.5,2,0.0
759,759,58.0,121.0,0.5,2,0.0
760,760,62.0,121.0,0.5,2,0.0
761,761,77.0,121.5,0.5,2,0.0
762,762,58.0,121.5,0.5,2,0.0
763,763,62.0,121.5,0.5,2,0.0
764,764,78.0,122.0,2.0,2,1.0
765,765,57.0,122.0,1.0,2,1.0
766,766,60.0,122.0,1.0,2,1.0
767,767,72.0,122.25,0.25,2,0.0
768,768,74.0,122.5,0.25,2,0.0
769,769,75.0,122.75,0.25,2,0.0
770,770,75.0,123.0,0.25,2,0.0
771,771,50.0,123.0,1.0,2,0.0
772,772,57.0,123.0,1.0,2,0.0
773,773,74.0,123.25,0.25,2,0.0
774,774,74.0,123.5,0.25,2,0.0
775,775,72.0,123.75,0.25,2,0.0
776,776,70.0,124.0,1.0,2,1.0
777,777,79.0,124.0,1.0,2,1.0
778,778,51.0,124.0,2.0,2,1.0
779,779,55.0,124.25,0.25,2,0.0
780,780,57.0,124.5,0.25,2,0.0
781,781,58.0,124.75,0.25,2,0.0
782,782,73.0,125.0,1.0,2,0.0
783,783,58.0,125.0,0.25,2,0.0
784,784,57.0,125.25,0.25,2,0.0
785,785,57.0,125.5,0.25,2,0.0
786,786,55.0,125.75,0.25,2,0.0
787,787,74.0,126.0,0.5,2,1.0
788,788,54.0,126.0,0.5,2,1.0
789,789,50.0,126.0,0.5,2,1.0
790,790,62.0,126.875,0.125,2,0.0
791,791,74.0,127.0,0.5,2,0.0
792,792,74.0,127.5,0.5,2,0.0
793,793,82.0,128.0,0.75,2,1.0
794,794,55.0,128.0,0.25,2,1.0
795,795,58.0,128.25,0.25,2,0.0
796,796,62.0,128.5,0.25,2,0.0
797,797,81.0,128.75,0.083333336,2,0.0
798,798,58.0,128.75,0.25,2,0.0
799,799,79.0,128.83333,0.083333336,2,0.0
800,800,78.0,128.91667,0.083333336,2,0.0
801,801,79.0,129.0,0.5,2,0.0
802,802,55.0,129.0,0.25,2,0.0
803,803,58.0,129.25,0.25,2,0.0
804,804,74.0,129.5,0.5,2,0.0
805,805,62.0,129.5,0.25,2,0.0
806,806,58.0,129.75,0.25,2,0.0
807,807,75.0,130.0,0.5,2,1.0
808,808,55.0,130.0,0.25,2,1.0
809,809,60.0,130.25,0.25,2,0.0
810,810,63.0,130.5,0.25,2,0.0
811,811,60.0,130.75,0.25,2,0.0
812,812,67.0,130.875,0.125,2,0.0
813,813,79.0,131.0,0.5,2,0.0
814,814,55.0,131.0,0.25,2,0.0
815,815,60.0,131.25,0.25,2,0.0
816,816,79.0,131.5,0.5,2,0.0
817,817,63.0,131.5,0.25,2,0.0
818,818,60.0,131.75,0.25,2,0.0
819,819,87.0,132.0,0.75,2,1.0
820,820,55.0,132.0,0.25,2,1.0
821,821,60.0,132.25,0.25,2,0.0
822,822,63.0,132.5,0.25,2,0.0
823,823,86.0,132.75,0.083333336,2,0.0
824,824,60.0,132.75,0.25,2,0.0
825,825,84.0,132.83333,0.083333336,2,0.0
826,826,83.0,132.91667,0.083333336,2,0.0
827,827,84.0,133.0,0.5,2,0.0
828,828,55.0,133.0,0.25,2,0.0
829,829,60.0,133.25,0.25,2,0.0
830,830,75.0,133.5,0.5,2,0.0
831,831,63.0,133.5,0.25,2,0.0
832,832,60.0,133.75,0.25,2,0.0
833,833,74.0,134.0,0.5,2,1.0
834,834,55.0,134.0,0.25,2,1.0
835,835,58.0,134.25,0.25,2,0.0
836,836,62.0,134.5,0.25,2,0.0
837,837,73.0,134.75,0.25,2,0.0
838,838,74.0,135.0,0.25,2,0.0
839,839,82.0,135.25,0.25,2,0.0
840,840,81.0,135.5,0.25,2,0.0
841,841,79.0,135.75,0.25,2,0.0
842,842,78.0,136.0,0.375,2,1.0
843,843,57.0,136.0,0.5,2,1.0
844,844,60.0,136.0,0.5,2,1.0
845,845,63.0,136.0,0.5,2,1.0
846,846,79.0,136.375,0.0625,2,0.0
847,847,81.0,136.4375,0.0625,2,0.0
848,848,79.0,136.5,0.25,2,0.0
849,849,58.0,136.5,0.25,2,0.0
850,850,62.0,136.5,0.25,2,0.0
851,851,79.0,136.75,0.25,2,0.0
852,852,85.0,137.0,0.25,2,0.0
853,853,86.0,137.25,0.25,2,0.0
854,854,82.0,137.5,0.25,2,0.0
855,855,79.0,137.75,0.25,2,0.0
856,856,78.0,138.0,0.375,2,1.0
857,857,57.0,138.0,0.5,2,1.0
858,858,60.0,138.0,0.5,2,1.0
859,859,63.0,138.0,0.5,2,1.0
860,860,79.0,138.375,0.0625,2,0.0
861,861,81.0,138.4375,0.0625,2,0.0
862,862,79.0,138.5,0.25,2,0.0
863,863,58.0,138.5,0.25,2,0.0
864,864,62.0,138.5,0.25,2,0.0
865,865,74.0,138.75,0.25,2,0.0
866,866,79.0,139.0,0.25,2,0.0
867,867,79.0,139.25,0.25,2,0.0
868,868,79.0,139.5,0.25,2,0.0
869,869,79.0,139.75,0.25,2,0.0
870,870,79.0,140.0,0.375,2,1.0
871,871,58.0,140.0,1.0,2,1.0
872,872,51.0,140.0,2.0,2,1.0
873,873,81.0,140.375,0.0625,2,0.0
874,874,82.0,140.4375,0.0625,2,0.0
875,875,81.0,140.5,0.25,2,0.0
876,876,79.0,140.75,0.25,2,0.0
877,877,77.0,141.0,0.25,2,0.0
878,878,55.0,141.0,1.0,2,0.0
879,879,75.0,141.25,0.25,2,0.0
880,880,74.0,141.5,0.25,2,0.0
881,881,73.0,141.75,0.25,2,0.0
882,882,73.0,142.0,0.25,2,1.0
883,883,50.0,142.0,0.5,2,1.0
884,884,54.0,142.0,0.5,2,1.0
885,885,74.0,142.25,0.25,2,0.0
886,886,74.0,142.5,0.5,2,0.0
887,887,50.0,142.5,0.5,2,0.0
888,888,54.0,142.5,0.5,2,0.0
889,889,57.0,142.5,0.5,2,0.0
890,890,74.0,143.0,0.5,2,0.0
891,891,50.0,143.0,0.5,2,0.0
892,892,54.0,143.0,0.5,2,0.0
893,893,57.0,143.0,0.5,2,0.0
894,894,74.0,143.5,0.5,2,0.0
895,895,50.0,143.5,0.5,2,0.0
896,896,54.0,143.5,0.5,2,0.0
897,897,57.0,143.5,0.5,2,0.0
898,898,74.0,144.0,2.0,2,1.0
899,899,73.0,144.0,0.0,2,1.0
900,900,74.0,144.0,0.0,2,1.0
901,901,76.0,144.0,0.0,2,1.0
902,902,50.0,144.5,0.5,2,0.0
903,903,53.0,144.5,0.5,2,0.0
904,904,57.0,144.5,0.5,2,0.0
905,905,50.0,145.0,0.5,2,0.0
906,906,53.0,145.0,0.5,2,0.0
907,907,57.0,145.0,0.5,2,0.0
908,908,50.0,145.5,0.5,2,0.0
909,909,53.0,145.5,0.5,2,0.0
910,910,57.0,145.5,0.5,2,0.0
911,911,77.0,146.0,2.0,2,1.0
912,912,50.0,146.5,0.5,2,0.0
913,913,53.0,146.5,0.5,2,0.0
914,914,58.0,146.5,0.5,2,0.0
915,915,50.0,147.0,0.5,2,0.0
916,916,53.0,147.0,0.5,2,0.0
917,917,58.0,147.0,0.5,2,0.0
918,918,50.0,147.5,0.5,2,0.0
919,919,53.0,147.5,0.5,2,0.0
920,920,58.0,147.5,0.5,2,0.0
921,921,56.0,148.0,2.0,2,1.0
922,922,62.0,148.0,2.0,2,1.0
923,923,46.0,148.5,0.5,2,0.0
924,924,53.0,148.5,0.5,2,0.0
925,925,46.0,149.0,0.5,2,0.0
926,926,53.0,149.0,0.5,2,0.0
927,927,46.0,149.5,0.5,2,0.0
928,928,53.0,149.5,0.5,2,0.0
929,929,63.0,150.0,1.375,2,1.0
930,930,55.0,150.0,0.5,2,1.0
931,931,39.0,150.0,0.5,2,1.0
932,932,51.0,150.0,0.5,2,1.0
933,933,51.0,150.5,0.5,2,0.0
934,934,55.0,151.0,0.5,2,0.0
935,935,58.0,151.375,0.125,2,0.0
936,936,62.0,151.5,0.375,2,0.0
937,937,56.0,151.5,0.5,2,0.0
938,938,58.0,151.875,0.125,2,0.0
939,939,63.0,152.0,0.375,2,1.0
940,940,55.0,152.0,0.5,2,1.0
941,941,58.0,152.375,0.125,2,0.0
942,942,65.0,152.5,0.375,2,0.0
943,943,50.0,152.5,0.5,2,0.0
944,944,58.0,152.875,0.125,2,0.0
945,945,67.0,153.0,0.375,2,0.0
946,946,51.0,153.0,0.5,2,0.0
947,947,58.0,153.375,0.125,2,0.0
948,948,68.0,153.5,0.375,2,0.0
949,949,53.0,153.5,0.5,2,0.0
950,950,58.0,153.875,0.125,2,0.0
951,951,65.0,154.0,1.375,2,1.0
952,952,46.0,154.5,0.5,2,0.0
953,953,50.0,155.0,0.5,2,0.0
954,954,58.0,155.375,0.125,2,0.0
955,955,64.0,155.5,0.375,2,0.0
956,956,49.0,155.5,0.5,2,0.0
957,957,58.0,155.875,0.125,2,0.0
958,958,65.0,156.0,0.375,2,1.0
959,959,50.0,156.0,0.5,2,1.0
960,960,58.0,156.375,0.125,2,0.0
961,961,67.0,156.5,0.375,2,0.0
962,962,52.0,156.5,0.5,2,0.0
963,963,58.0,156.875,0.125,2,0.0
964,964,68.0,157.0,0.375,2,0.0
965,965,53.0,157.0,0.5,2,0.0
966,966,58.0,157.375,0.125,2,0.0
967,967,70.0,157.5,0.375,2,0.0
968,968,50.0,157.5,0.5,2,0.0
969,969,58.0,157.875,0.125,2,0.0
970,970,67.0,158.0,0.5,2,1.0
971,971,51.0,158.0,0.5,2,1.0
972,972,39.0,158.5,0.5,2,0.0
973,973,70.0,158.75,0.25,2,0.0
974,974,75.0,159.0,0.375,2,0.0
975,975,77.0,159.375,0.125,2,0.0
976,976,79.0,159.5,0.375,2,0.0
977,977,55.0,159.5,0.5,2,0.0
978,978,63.0,159.5,0.5,2,0.0
979,979,70.0,159.875,0.125,2,0.0
980,980,72.0,160.0,0.375,2,1.0
981,981,74.0,160.375,0.125,2,0.0
982,982,75.0,160.5,0.375,2,0.0
983,983,56.0,160.5,0.5,2,0.0
984,984,63.0,160.5,0.5,2,0.0
985,985,67.0,160.875,0.125,2,0.0
986,986,68.0,161.0,0.375,2,0.0
987,987,70.0,161.375,0.125,2,0.0
988,988,72.0,161.5,0.375,2,0.0
989,989,60.0,161.5,0.5,2,0.0
990,990,63.0,161.5,0.5,2,0.0
991,991,68.0,161.875,0.125,2,0.0
992,992,67.0,162.0,0.5,2,1.0
993,993,58.0,162.0,0.5,2,1.0
994,994,63.0,162.0,0.5,2,1.0
995,995,46.0,162.5,0.5,2,0.0
996,996,70.0,162.75,0.25,2,0.0
997,997,75.0,163.0,0.375,2,0.0
998,998,77.0,163.375,0.125,2,0.0
999,999,79.0,163.5,0.375,2,0.0
1000,1000,55.0,163.5,0.5,2,0.0
1001,1001,63.0,163.5,0.5,2,0.0
1002,1002,71.0,163.875,0.125,2,0.0
1003,1003,72.0,164.0,0.375,2,1.0
1004,1004,74.0,164.375,0.125,2,0.0
1005,1005,75.0,164.5,0.375,2,0.0
1006,1006,56.0,164.5,0.5,2,0.0
1007,1007,63.0,164.5,0.5,2,0.0
1008,1008,67.0,164.875,0.125,2,0.0
1009,1009,68.0,165.0,0.375,2,0.0
1010,1010,70.0,165.375,0.125,2,0.0
1011,1011,72.0,165.5,0.375,2,0.0
1012,1012,60.0,165.5,0.5,2,0.0
1013,1013,63.0,165.5,0.5,2,0.0
1014,1014,68.0,165.875,0.125,2,0.0
1015,1015,67.0,166.0,0.5,2,1.0
1016,1016,58.0,166.0,0.5,2,1.0
1017,1017,63.0,166.0,0.5,2,1.0
1018,1018,46.0,166.5,0.5,2,0.0
1019,1019,67.0,166.75,0.25,2,0.0
1020,1020,70.0,167.0,0.25,2,0.0
1021,1021,69.0,167.25,0.25,2,0.0
1022,1022,60.0,167.5,0.5,2,0.0
1023,1023,63.0,167.5,0.5,2,0.0
1024,1024,69.0,167.75,0.25,2,0.0
1025,1025,72.0,168.0,0.25,2,1.0
1026,1026,70.0,168.25,0.25,2,0.0
1027,1027,55.0,168.5,0.5,2,0.0
1028,1028,63.0,168.5,0.5,2,0.0
1029,1029,71.0,168.75,0.25,2,0.0
1030,1030,74.0,169.0,0.25,2,0.0
1031,1031,56.0,169.0,0.5,2,0.0
1032,1032,63.0,169.0,0.5,2,0.0
1033,1033,72.0,169.25,0.25,2,0.0
1034,1034,75.0,169.5,0.25,2,0.0
1035,1035,53.0,169.5,0.5,2,0.0
1036,1036,56.0,169.5,0.5,2,0.0
1037,1037,74.0,169.75,0.25,2,0.0
1038,1038,77.0,170.0,0.25,2,1.0
1039,1039,55.0,170.0,0.5,2,1.0
1040,1040,58.0,170.0,0.5,2,1.0
1041,1041,75.0,170.25,0.25,2,0.0
1042,1042,77.0,170.5,0.25,2,0.0
1043,1043,55.0,170.5,0.5,2,0.0
1044,1044,58.0,170.5,0.5,2,0.0
1045,1045,76.0,170.75,0.25,2,0.0
1046,1046,79.0,171.0,0.25,2,0.0
1047,1047,53.0,171.0,0.5,2,0.0
1048,1048,56.0,171.0,0.5,2,0.0
1049,1049,58.0,171.0,0.5,2,0.0
1050,1050,77.0,171.25,0.25,2,0.0
1051,1051,80.0,171.5,0.25,2,0.0
1052,1052,51.0,171.5,0.5,2,0.0
1053,1053,55.0,171.5,0.5,2,0.0
1054,1054,58.0,171.5,0.5,2,0.0
1055,1055,79.0,171.75,0.25,2,0.0
1056,1056,82.0,172.0,0.25,2,1.0
1057,1057,50.0,172.0,0.5,2,1.0
1058,1058,53.0,172.0,0.5,2,1.0
1059,1059,58.0,172.0,0.5,2,1.0
1060,1060,80.0,172.25,0.25,2,0.0
1061,1061,77.0,173.75,0.25,2,0.0
1062,1062,79.0,174.0,0.375,2,1.0
1063,1063,63.0,174.0,0.5,2,1.0
1064,1064,70.0,174.0,0.5,2,1.0
1065,1065,75.0,174.375,0.125,2,0.0
1066,1066,72.0,174.5,0.375,2,0.0
1067,1067,56.0,174.5,0.5,2,0.0
1068,1068,68.0,174.5,0.5,2,0.0
1069,1069,77.0,174.875,0.125,2,0.0
1070,1070,75.0,175.0,0.5,2,0.0
1071,1071,67.0,175.0,0.5,2,0.0
1072,1072,58.0,175.0,1.0,2,0.0
1073,1073,74.0,175.5,0.5,2,0.0
1074,1074,65.0,175.5,0.5,2,0.0
1075,1075,82.0,176.0,0.25,2,1.0
1076,1076,50.0,176.0,0.5,2,1.0
1077,1077,53.0,176.0,0.5,2,1.0
1078,1078,58.0,176.0,0.5,2,1.0
1079,1079,80.0,176.25,0.25,2,0.0
1080,1080,77.0,177.75,0.25,2,0.0
1081,1081,79.0,178.0,0.375,2,1.0
1082,1082,63.0,178.0,0.5,2,1.0
1083,1083,70.0,178.0,0.5,2,1.0
1084,1084,75.0,178.375,0.125,2,0.0
1085,1085,72.0,178.5,0.375,2,0.0
1086,1086,56.0,178.5,0.5,2,0.0
1087,1087,68.0,178.5,0.5,2,0.0
1088,1088,77.0,178.875,0.125,2,0.0
1089,1089,75.0,179.0,0.5,2,0.0
1090,1090,67.0,179.0,0.5,2,0.0
1091,1091,58.0,179.0,1.0,2,0.0
1092,1092,74.0,179.5,0.5,2,0.0
1093,1093,65.0,179.5,0.5,2,0.0
1094,1094,79.0,180.0,0.75,2,1.0
1095,1095,67.0,180.0,0.0,2,1.0
1096,1096,75.0,180.75,0.25,2,0.0
1097,1097,72.0,181.0,0.5,2,0.0
1098,1098,63.0,181.0,1.0,2,0.0
1099,1099,67.0,181.0,1.0,2,0.0
1100,1100,72.0,181.5,0.5,2,0.0
1101,1101,77.0,182.0,0.5,2,1.0
1102,1102,62.0,182.0,1.0,2,1.0
1103,1103,71.0,182.0,1.0,2,1.0
1104,1104,80.0,182.5,0.5,2,0.0
1105,1105,71.0,183.0,0.5,2,0.0
1106,1106,65.0,183.0,0.5,2,0.0
1107,1107,68.0,183.0,0.5,2,0.0
1108,1108,71.0,183.75,0.25,2,0.0
1109,1109,74.0,184.0,0.25,2,1.0
1110,1110,67.0,184.0,2.0,2,1.0
1111,1111,63.0,184.0,0.5,2,1.0
1112,1112,72.0,184.25,0.25,2,0.0
1113,1113,75.0,184.5,0.25,2,0.0
1114,1114,59.0,184.5,0.5,2,0.0
1115,1115,74.0,184.75,0.25,2,0.0
1116,1116,77.0,185.0,0.25,2,0.0
1117,1117,60.0,185.0,0.5,2,0.0
1118,1118,75.0,185.25,0.25,2,0.0
1119,1119,62.0,185.5,0.5,2,0.0
1120,1120,71.0,185.75,0.25,2,0.0
1121,1121,74.0,186.0,0.25,2,1.0
1122,1122,67.0,186.0,1.0,2,1.0
1123,1123,63.0,186.0,0.5,2,1.0
1124,1124,72.0,186.25,0.25,2,0.0
1125,1125,75.0,186.5,0.25,2,0.0
1126,1126,59.0,186.5,0.5,2,0.0
1127,1127,74.0,186.75,0.25,2,0.0
1128,1128,77.0,187.0,0.25,2,0.0
1129,1129,67.0,187.0,0.5,2,0.0
1130,1130,60.0,187.0,0.5,2,0.0
1131,1131,75.0,187.25,0.25,2,0.0
1132,1132,77.0,187.5,0.25,2,0.0
1133,1133,76.0,187.75,0.25,2,0.0
1134,1134,77.0,188.0,0.75,2,1.0
1135,1135,74.0,188.75,0.25,2,0.0
1136,1136,70.0,189.0,0.5,2,0.0
1137,1137,62.0,189.0,1.0,2,0.0
1138,1138,65.0,189.0,1.0,2,0.0
1139,1139,70.0,189.5,0.5,2,0.0
1140,1140,75.0,190.0,0.5,2,1.0
1141,1141,60.0,190.0,1.0,2,1.0
1142,1142,69.0,190.0,1.0,2,1.0
1143,1143,78.0,190.5,0.5,2,0.0
1144,1144,69.0,191.0,0.5,2,0.0
1145,1145,63.0,191.0,0.5,2,0.0
1146,1146,66.0,191.0,0.5,2,0.0
1147,1147,69.0,191.75,0.25,2,0.0
1148,1148,72.0,192.0,0.25,2,1.0
1149,1149,65.0,192.0,2.0,2,1.0
1150,1150,61.0,192.0,0.5,2,1.0
1151,1151,70.0,192.25,0.25,2,0.0
1152,1152,73.0,192.5,0.25,2,0.0
1153,1153,57.0,192.5,0.5,2,0.0
1154,1154,72.0,192.75,0.25,2,0.0
1155,1155,75.0,193.0,0.25,2,0.0
1156,1156,58.0,193.0,0.5,2,0.0
1157,1157,73.0,193.25,0.25,2,0.0
1158,1158,60.0,193.5,0.5,2,0.0
1159,1159,69.0,193.75,0.25,2,0.0
1160,1160,72.0,194.0,0.25,2,1.0
1161,1161,65.0,194.0,1.5,2,1.0
1162,1162,61.0,194.0,0.5,2,1.0
1163,1163,70.0,194.25,0.25,2,0.0
1164,1164,73.0,194.5,0.25,2,0.0
1165,1165,57.0,194.5,0.5,2,0.0
1166,1166,72.0,194.75,0.25,2,0.0
1167,1167,75.0,195.0,0.25,2,0.0
1168,1168,58.0,195.0,0.5,2,0.0
1169,1169,73.0,195.25,0.25,2,0.0
1170,1170,65.0,195.5,0.5,2,0.0
1171,1171,58.0,195.5,0.5,2,0.0
1172,1172,73.0,195.75,0.25,2,0.0
1173,1173,73.0,196.0,0.25,2,1.0
1174,1174,71.0,196.25,0.25,2,0.0
1175,1175,56.0,196.5,0.5,2,0.0
1176,1176,65.0,196.5,0.5,2,0.0
1177,1177,71.0,196.75,0.25,2,0.0
1178,1178,71.0,197.0,0.25,2,0.0
1179,1179,70.0,197.25,0.25,2,0.0
1180,1180,54.0,197.5,0.5,2,0.0
1181,1181,61.0,197.5,0.5,2,0.0
1182,1182,70.0,197.75,0.25,2,0.0
1183,1183,70.0,198.0,0.25,2,1.0
1184,1184,80.0,198.25,0.25,2,0.0
1185,1185,53.0,198.5,0.5,2,0.0
1186,1186,62.0,198.5,0.5,2,0.0
1187,1187,80.0,198.75,0.25,2,0.0
1188,1188,80.0,199.0,0.25,2,0.0
1189,1189,78.0,199.25,0.25,2,0.0
1190,1190,51.0,199.5,0.5,2,0.0
1191,1191,63.0,199.5,0.5,2,0.0
1192,1192,78.0,199.75,0.25,2,0.0
1193,1193,78.0,200.0,0.25,2,1.0
1194,1194,77.0,200.25,0.25,2,0.0
1195,1195,53.0,200.5,0.5,2,0.0
1196,1196,61.0,200.5,0.5,2,0.0
1197,1197,77.0,200.75,0.25,2,0.0
1198,1198,77.0,201.0,0.25,2,0.0
1199,1199,76.0,201.25,0.25,2,0.0
1200,1200,54.0,201.5,0.5,2,0.0
1201,1201,61.0,201.5,0.5,2,0.0
1202,1202,76.0,201.75,0.25,2,0.0
1203,1203,82.0,202.0,0.75,2,1.0
1204,1204,64.0,202.0,1.0,2,1.0
1205,1205,54.0,202.0,2.0,2,1.0
1206,1206,84.0,202.75,0.25,2,0.0
1207,1207,84.0,202.75,0.0,2,0.0
1208,1208,82.0,202.75,0.0,2,0.0
1209,1209,81.0,202.75,0.0,2,0.0
1210,1210,82.0,202.75,0.0,2,0.0
1211,1211,85.0,203.0,0.5,2,0.0
1212,1212,58.0,203.0,1.0,2,0.0
1213,1213,76.0,203.5,0.5,2,0.0
1214,1214,77.0,204.0,0.25,2,1.0
1215,1215,57.0,204.0,1.0,2,1.0
1216,1216,53.0,204.0,2.0,2,1.0
1217,1217,76.0,204.25,0.25,2,0.0
1218,1218,77.0,204.5,0.25,2,0.0
1219,1219,72.0,204.75,0.25,2,0.0
1220,1220,75.0,205.0,0.25,2,0.0
1221,1221,58.0,205.0,1.0,2,0.0
1222,1222,73.0,205.25,0.25,2,0.0
1223,1223,72.0,205.5,0.25,2,0.0
1224,1224,70.0,205.75,0.25,2,0.0
1225,1225,78.0,206.0,0.25,2,1.0
1226,1226,57.0,206.0,1.0,2,1.0
1227,1227,53.0,206.0,2.0,2,1.0
1228,1228,77.0,206.25,0.25,2,0.0
1229,1229,76.0,206.5,0.25,2,0.0
1230,1230,77.0,206.75,0.25,2,0.0
1231,1231,75.0,207.0,0.25,2,0.0
1232,1232,58.0,207.0,1.0,2,0.0
1233,1233,73.0,207.25,0.25,2,0.0
1234,1234,72.0,207.5,0.25,2,0.0
1235,1235,70.0,207.75,0.25,2,0.0
1236,1236,69.0,208.0,0.5,2,1.0
1237,1237,72.0,208.0,0.5,2,1.0
1238,1238,65.0,208.0,0.25,2,1.0
1239,1239,65.0,208.25,0.25,2,0.0
1240,1240,70.0,208.5,0.5,2,0.0
1241,1241,73.0,208.5,0.5,2,0.0
1242,1242,65.0,208.75,0.25,2,0.0
1243,1243,69.0,209.0,0.5,2,0.0
1244,1244,72.0,209.0,0.5,2,0.0
1245,1245,65.0,209.0,0.25,2,0.0
1246,1246,65.0,209.25,0.25,2,0.0
1247,1247,70.0,209.5,0.5,2,0.0
1248,1248,76.0,209.5,0.5,2,0.0
1249,1249,65.0,209.75,0.25,2,0.0
1250,1250,69.0,210.0,0.5,2,1.0
1251,1251,77.0,210.0,0.5,2,1.0
1252,1252,65.0,210.0,0.25,2,1.0
1253,1253,65.0,210.25,0.25,2,0.0
1254,1254,70.0,210.5,0.5,2,0.0
1255,1255,73.0,210.5,0.5,2,0.0
1256,1256,65.0,210.75,0.25,2,0.0
1257,1257,69.0,211.0,0.5,2,0.0
1258,1258,72.0,211.0,0.5,2,0.0
1259,1259,65.0,211.0,0.25,2,0.0
1260,1260,65.0,211.25,0.25,2,0.0
1261,1261,70.0,211.5,0.5,2,0.0
1262,1262,76.0,211.5,0.5,2,0.0
1263,1263,65.0,211.75,0.25,2,0.0
1264,1264,69.0,212.0,0.25,2,1.0
1265,1265,77.0,212.0,0.25,2,1.0
1266,1266,53.0,212.0,0.5,2,1.0
1267,1267,65.0,212.0,0.5,2,1.0
1268,1268,77.0,212.25,0.25,2,0.0
1269,1269,57.0,212.5,0.5,2,0.0
1270,1270,53.0,212.5,0.5,2,0.0
1271,1271,77.0,212.75,0.25,2,0.0
1272,1272,77.0,213.0,0.25,2,0.0
1273,1273,77.0,213.25,0.25,2,0.0
1274,1274,57.0,213.5,0.5,2,0.0
1275,1275,53.0,213.5,0.5,2,0.0
1276,1276,77.0,213.75,0.25,2,0.0
1277,1277,77.0,214.0,0.25,2,1.0
1278,1278,55.0,214.0,0.5,2,1.0
1279,1279,58.0,214.0,0.5,2,1.0
1280,1280,53.0,214.0,0.5,2,1.0
1281,1281,77.0,214.25,0.25,2,0.0
1282,1282,55.0,214.5,0.5,2,0.0
1283,1283,58.0,214.5,0.5,2,0.0
1284,1284,53.0,214.5,0.5,2,0.0
1285,1285,77.0,214.75,0.25,2,0.0
1286,1286,77.0,215.0,0.25,2,0.0
1287,1287,77.0,215.25,0.25,2,0.0
1288,1288,56.0,215.5,0.5,2,0.0
1289,1289,59.0,215.5,0.5,2,0.0
1290,1290,53.0,215.5,0.5,2,0.0
1291,1291,77.0,215.75,0.25,2,0.0
1292,1292,77.0,216.0,0.25,2,1.0
1293,1293,57.0,216.0,0.5,2,1.0
1294,1294,60.0,216.0,0.5,2,1.0
1295,1295,53.0,216.0,1.0,2,1.0
1296,1296,77.0,216.25,0.25,2,0.0
1297,1297,57.0,216.5,0.5,2,0.0
1298,1298,61.0,216.5,0.5,2,0.0
1299,1299,77.0,216.75,0.25,2,0.0
1300,1300,77.0,217.0,0.25,2,0.0
1301,1301,58.0,217.0,0.5,2,0.0
1302,1302,62.0,217.0,0.5,2,0.0
1303,1303,53.0,217.0,1.0,2,0.0
1304,1304,77.0,217.25,0.25,2,0.0
1305,1305,59.0,217.5,0.5,2,0.0
1306,1306,62.0,217.5,0.5,2,0.0
1307,1307,77.0,217.75,0.25,2,0.0
1308,1308,77.0,218.0,0.25,2,1.0
1309,1309,53.0,218.0,2.0,2,1.0
1310,1310,60.0,218.0,2.0,2,1.0
1311,1311,63.0,218.0,2.0,2,1.0
1312,1312,65.0,218.25,0.25,2,0.0
1313,1313,64.0,218.5,0.25,2,0.0
1314,1314,65.0,218.75,0.25,2,0.0
1315,1315,66.0,219.0,0.25,2,0.0
1316,1316,67.0,219.25,0.25,2,0.0
1317,1317,68.0,219.5,0.25,2,0.0
1318,1318,69.0,219.75,0.25,2,0.0
1319,1319,70.0,220.0,0.25,2,1.0
1320,1320,71.0,220.25,0.25,2,0.0
1321,1321,72.0,220.5,0.25,2,0.0
1322,1322,73.0,220.75,0.25,2,0.0
1323,1323,74.0,221.0,0.25,2,0.0
1324,1324,75.0,221.25,0.25,2,0.0
1325,1325,76.0,221.5,0.25,2,0.0
1326,1326,77.0,221.75,0.25,2,0.0
1327,1327,77.0,222.0,0.75,2,1.0
1328,1328,58.0,222.5,0.5,2,0.0
1329,1329,74.0,222.75,0.25,2,0.0
1330,1330,70.0,223.0,0.5,2,0.0
1331,1331,62.0,223.0,0.5,2,0.0
1332,1332,70.0,223.5,0.5,2,0.0
1333,1333,67.0,223.5,0.5,2,0.0
1334,1334,75.0,224.0,0.5,2,1.0
1335,1335,60.0,224.0,0.5,2,1.0
1336,1336,79.0,224.5,0.5,2,0.0
1337,1337,63.0,224.5,0.5,2,0.0
1338,1338,69.0,225.0,0.5,2,0.0
1339,1339,65.0,225.0,0.5,2,0.0
1340,1340,63.0,225.5,0.5,2,0.0
1341,1341,72.0,226.0,0.25,2,1.0
1342,1342,62.0,226.0,0.5,2,1.0
1343,1343,70.0,226.25,0.25,2,0.0
1344,1344,74.0,226.5,0.25,2,0.0
1345,1345,57.0,226.5,0.5,2,0.0
1346,1346,72.0,226.75,0.25,2,0.0
1347,1347,75.0,227.0,0.25,2,0.0
1348,1348,58.0,227.0,0.5,2,0.0
1349,1349,74.0,227.25,0.25,2,0.0
1350,1350,77.0,227.5,0.25,2,0.0
1351,1351,51.0,227.5,0.5,2,0.0
1352,1352,60.0,227.5,0.5,2,0.0
1353,1353,75.0,227.75,0.25,2,0.0
1354,1354,74.0,228.0,0.75,2,1.0
1355,1355,53.0,228.0,1.0,2,1.0
1356,1356,58.0,228.0,1.0,2,1.0
1357,1357,75.0,228.75,0.125,2,0.0
1358,1358,74.0,228.875,0.125,2,0.0
1359,1359,72.0,229.0,0.25,2,0.0
1360,1360,53.0,229.0,0.5,2,0.0
1361,1361,57.0,229.0,0.5,2,0.0
1362,1362,74.0,229.25,0.25,2,0.0
1363,1363,75.0,229.5,0.25,2,0.0
1364,1364,76.0,229.75,0.25,2,0.0
1365,1365,77.0,230.0,0.75,2,1.0
1366,1366,58.0,230.5,0.5,2,0.0
1367,1367,75.0,230.75,0.083333336,2,0.0
1368,1368,74.0,230.83333,0.083333336,2,0.0
1369,1369,72.0,230.91667,0.083333336,2,0.0
1370,1370,70.0,231.0,0.5,2,0.0
1371,1371,62.0,231.0,0.5,2,0.0
1372,1372,70.0,231.5,0.5,2,0.0
1373,1373,67.0,231.5,0.5,2,0.0
1374,1374,75.0,232.0,0.5,2,1.0
1375,1375,60.0,232.0,0.5,2,1.0
1376,1376,79.0,232.5,0.5,2,0.0
1377,1377,63.0,232.5,0.5,2,0.0
1378,1378,69.0,233.0,0.5,2,0.0
1379,1379,65.0,233.0,0.5,2,0.0
1380,1380,63.0,233.5,0.5,2,0.0
1381,1381,69.0,233.75,0.25,2,0.0
1382,1382,70.0,234.0,0.25,2,1.0
1383,1383,62.0,234.0,0.5,2,1.0
1384,1384,74.0,234.25,0.25,2,0.0
1385,1385,67.0,234.5,0.25,2,0.0
1386,1386,51.0,234.5,0.5,2,0.0
1387,1387,63.0,234.5,0.5,2,0.0
1388,1388,72.0,234.75,0.25,2,0.0
1389,1389,70.0,235.0,0.5,2,0.0
1390,1390,62.0,235.0,0.5,2,0.0
1391,1391,53.0,235.0,1.0,2,0.0
1392,1392,69.0,235.5,0.5,2,0.0
1393,1393,60.0,235.5,0.5,2,0.0
1394,1394,70.0,236.0,0.25,2,1.0
1395,1395,58.0,236.0,0.5,2,1.0
1396,1396,65.0,236.25,0.25,2,0.0
1397,1397,67.0,236.5,0.25,2,0.0
1398,1398,69.0,236.75,0.25,2,0.0
1399,1399,70.0,237.0,0.25,2,0.0
1400,1400,72.0,237.25,0.25,2,0.0
1401,1401,74.0,237.5,0.25,2,0.0
1402,1402,75.0,237.75,0.25,2,0.0
1403,1403,77.0,238.0,0.75,2,1.0
1404,1404,58.0,238.0,0.25,2,1.0
1405,1405,65.0,238.25,0.25,2,0.0
1406,1406,62.0,238.5,0.25,2,0.0
1407,1407,74.0,238.75,0.25,2,0.0
1408,1408,65.0,238.75,0.25,2,0.0
1409,1409,70.0,239.0,0.5,2,0.0
1410,1410,55.0,239.0,0.25,2,0.0
1411,1411,62.0,239.25,0.25,2,0.0
1412,1412,70.0,239.5,0.5,2,0.0
1413,1413,58.0,239.5,0.25,2,0.0
1414,1414,62.0,239.75,0.25,2,0.0
1415,1415,75.0,240.0,0.5,2,1.0
1416,1416,51.0,240.0,0.25,2,1.0
1417,1417,60.0,240.25,0.25,2,0.0
1418,1418,79.0,240.5,0.5,2,0.0
1419,1419,55.0,240.5,0.25,2,0.0
1420,1420,77.0,240.5,0.0,2,0.0
1421,1421,75.0,240.5,0.0,2,0.0
1422,1422,74.0,240.5,0.0,2,0.0
1423,1423,75.0,240.5,0.0,2,0.0
1424,1424,60.0,240.75,0.25,2,0.0
1425,1425,69.0,241.0,0.5,2,0.0
1426,1426,53.0,241.0,0.25,2,0.0
1427,1427,63.0,241.25,0.25,2,0.0
1428,1428,60.0,241.5,0.25,2,0.0
1429,1429,63.0,241.75,0.25,2,0.0
1430,1430,72.0,242.0,0.25,2,1.0
1431,1431,62.0,242.0,0.5,2,1.0
1432,1432,70.0,242.25,0.25,2,0.0
1433,1433,74.0,242.5,0.25,2,0.0
1434,1434,65.0,242.5,1.0,2,0.0
1435,1435,57.0,242.5,0.5,2,0.0
1436,1436,72.0,242.75,0.25,2,0.0
1437,1437,75.0,243.0,0.25,2,0.0
1438,1438,58.0,243.0,0.5,2,0.0
1439,1439,74.0,243.25,0.25,2,0.0
1440,1440,77.0,243.5,0.25,2,0.0
1441,1441,60.0,243.5,0.5,2,0.0
1442,1442,51.0,243.5,0.5,2,0.0
1443,1443,75.0,243.75,0.25,2,0.0
1444,1444,74.0,244.0,0.75,2,1.0
1445,1445,58.0,244.0,1.0,2,1.0
1446,1446,53.0,244.0,1.5,2,1.0
1447,1447,75.0,244.75,0.125,2,0.0
1448,1448,74.0,244.875,0.125,2,0.0
1449,1449,72.0,245.0,0.25,2,0.0
1450,1450,57.0,245.0,0.5,2,0.0
1451,1451,74.0,245.25,0.25,2,0.0
1452,1452,75.0,245.5,0.25,2,0.0
1453,1453,76.0,245.75,0.25,2,0.0
1454,1454,77.0,246.0,0.75,2,1.0
1455,1455,58.0,246.0,0.25,2,1.0
1456,1456,65.0,246.25,0.25,2,0.0
1457,1457,62.0,246.5,0.25,2,0.0
1458,1458,75.0,246.75,0.083333336,2,0.0
1459,1459,65.0,246.75,0.25,2,0.0
1460,1460,74.0,246.83333,0.083333336,2,0.0
1461,1461,72.0,246.91667,0.083333336,2,0.0
1462,1462,70.0,247.0,0.25,2,0.0
1463,1463,55.0,247.0,0.25,2,0.0
1464,1464,70.0,247.25,0.25,2,0.0
1465,1465,62.0,247.25,0.25,2,0.0
1466,1466,70.0,247.5,0.25,2,0.0
1467,1467,58.0,247.5,0.25,2,0.0
1468,1468,70.0,247.75,0.25,2,0.0
1469,1469,62.0,247.75,0.25,2,0.0
1470,1470,75.0,248.0,0.5,2,1.0
1471,1471,51.0,248.0,0.25,2,1.0
1472,1472,60.0,248.25,0.25,2,0.0
1473,1473,79.0,248.5,0.5,2,0.0
1474,1474,55.0,248.5,0.25,2,0.0
1475,1475,77.0,248.5,0.0,2,0.0
1476,1476,75.0,248.5,0.0,2,0.0
1477,1477,74.0,248.5,0.0,2,0.0
1478,1478,75.0,248.5,0.0,2,0.0
1479,1479,60.0,248.75,0.25,2,0.0
1480,1480,69.0,249.0,0.5,2,0.0
1481,1481,53.0,249.0,0.25,2,0.0
1482,1482,63.0,249.25,0.25,2,0.0
1483,1483,60.0,249.5,0.25,2,0.0
1484,1484,81.0,249.75,0.25,2,0.0
1485,1485,63.0,249.75,0.25,2,0.0
1486,1486,82.0,250.0,0.16666667,2,1.0
1487,1487,58.0,250.0,1.0,2,1.0
1488,1488,50.0,250.0,0.5,2,1.0
1489,1489,77.0,250.16667,0.16666667,2,0.0
1490,1490,74.0,250.33333,0.16666667,2,0.0
1491,1491,79.0,250.5,0.16666667,2,0.0
1492,1492,51.0,250.5,0.5,2,0.0
1493,1493,75.0,250.66667,0.16666667,2,0.0
1494,1494,72.0,250.83333,0.16666667,2,0.0
1495,1495,77.0,251.0,0.16666667,2,0.0
1496,1496,62.0,251.0,0.5,2,0.0
1497,1497,53.0,251.0,1.0,2,0.0
1498,1498,74.0,251.16667,0.16666667,2,0.0
1499,1499,70.0,251.33333,0.16666667,2,0.0
1500,1500,75.0,251.5,0.16666667,2,0.0
1501,1501,63.0,251.5,0.5,2,0.0
1502,1502,72.0,251.66667,0.16666667,2,0.0
1503,1503,69.0,251.83333,0.16666667,2,0.0
1504,1504,70.0,252.0,0.5,2,1.0
1505,1505,62.0,252.0,0.5,2,1.0
1506,1506,58.0,252.0,0.5,2,1.0
1507,1507,46.0,252.5,0.5,2,0.0
1508,1508,65.0,252.75,0.25,2,0.0
1509,1509,70.0,253.0,0.25,2,0.0
1510,1510,69.0,253.25,0.25,2,0.0
1511,1511,70.0,253.5,0.25,2,0.0
1512,1512,72.0,253.75,0.25,2,0.0
1513,1513,74.0,254.0,0.5,2,1.0
1514,1514,70.0,254.5,0.5,2,0.0
1515,1515,74.0,254.5,0.5,2,0.0
1516,1516,58.0,254.5,0.5,2,0.0
1517,1517,70.0,255.0,0.5,2,0.0
1518,1518,74.0,255.0,0.5,2,0.0
1519,1519,55.0,255.0,0.5,2,0.0
1520,1520,72.0,255.5,0.5,2,0.0
1521,1521,75.0,255.5,0.5,2,0.0
1522,1522,51.0,255.5,0.5,2,0.0
1523,1523,69.0,256.0,0.5,2,1.0
1524,1524,72.0,256.0,0.5,2,1.0
1525,1525,53.0,256.0,0.5,2,1.0
1526,1526,41.0,256.5,0.5,2,0.0
1527,1527,65.0,256.75,0.25,2,0.0
1528,1528,72.0,257.0,0.25,2,0.0
1529,1529,70.0,257.25,0.25,2,0.0
1530,1530,72.0,257.5,0.25,2,0.0
1531,1531,74.0,257.75,0.25,2,0.0
1532,1532,75.0,258.0,0.5,2,1.0
1533,1533,67.0,258.5,0.5,2,0.0
1534,1534,75.0,258.5,0.5,2,0.0
1535,1535,60.0,258.5,0.5,2,0.0
1536,1536,72.0,259.0,0.5,2,0.0
1537,1537,75.0,259.0,0.5,2,0.0
1538,1538,57.0,259.0,0.5,2,0.0
1539,1539,69.0,259.5,0.5,2,0.0
1540,1540,77.0,259.5,0.5,2,0.0
1541,1541,53.0,259.5,0.5,2,0.0
1542,1542,70.0,260.0,0.5,2,1.0
1543,1543,74.0,260.0,0.5,2,1.0
1544,1544,58.0,260.0,0.5,2,1.0
1545,1545,46.0,260.5,0.5,2,0.0
1546,1546,70.0,260.75,0.25,2,0.0
1547,1547,74.0,261.0,0.25,2,0.0
1548,1548,75.0,261.25,0.25,2,0.0
1549,1549,77.0,261.5,0.25,2,0.0
1550,1550,79.0,261.75,0.25,2,0.0
1551,1551,80.0,262.0,0.5,2,1.0
1552,1552,58.0,262.5,0.5,2,0.0
1553,1553,65.0,262.5,0.5,2,0.0
1554,1554,68.0,262.5,0.5,2,0.0
1555,1555,38.0,262.5,0.5,2,0.0
1556,1556,50.0,262.5,0.5,2,0.0
1557,1557,58.0,263.0,0.5,2,0.0
1558,1558,65.0,263.0,0.5,2,0.0
1559,1559,68.0,263.0,0.5,2,0.0
1560,1560,38.0,263.0,0.5,2,0.0
1561,1561,50.0,263.0,0.5,2,0.0
1562,1562,60.0,263.5,0.5,2,0.0
1563,1563,65.0,263.5,0.5,2,0.0
1564,1564,68.0,263.5,0.5,2,0.0
1565,1565,36.0,263.5,0.5,2,0.0
1566,1566,48.0,263.5,0.5,2,0.0
1567,1567,62.0,264.0,0.5,2,1.0
1568,1568,65.0,264.0,0.5,2,1.0
1569,1569,67.0,264.0,0.5,2,1.0
1570,1570,35.0,264.0,0.5,2,1.0
1571,1571,47.0,264.0,0.5,2,1.0
1572,1572,59.0,264.5,0.5,2,0.0
1573,1573,74.0,264.75,0.25,2,0.0
1574,1574,79.0,265.0,0.25,2,0.0
1575,1575,78.0,265.25,0.25,2,0.0
1576,1576,79.0,265.5,0.25,2,0.0
1577,1577,59.0,265.5,0.5,2,0.0
1578,1578,67.0,265.5,0.5,2,0.0
1579,1579,74.0,265.75,0.25,2,0.0
1580,1580,77.0,266.0,0.25,2,1.0
1581,1581,60.0,266.0,0.5,2,1.0
1582,1582,67.0,266.0,0.5,2,1.0
1583,1583,75.0,266.25,0.25,2,0.0
1584,1584,67.0,266.75,0.25,2,0.0
1585,1585,72.0,267.0,0.125,2,0.0
1586,1586,71.0,267.125,0.125,2,0.0
1587,1587,74.0,267.25,0.125,2,0.0
1588,1588,72.0,267.375,0.125,2,0.0
1589,1589,75.0,267.5,0.125,2,0.0
1590,1590,74.0,267.625,0.125,2,0.0
1591,1591,77.0,267.75,0.125,2,0.0
1592,1592,75.0,267.875,0.125,2,0.0
1593,1593,79.0,268.0,0.5,2,1.0
1594,1594,60.0,268.5,0.5,2,0.0
1595,1595,63.0,268.5,0.5,2,0.0
1596,1596,67.0,268.5,0.5,2,0.0
1597,1597,36.0,268.5,0.5,2,0.0
1598,1598,48.0,268.5,0.5,2,0.0
1599,1599,60.0,269.0,0.5,2,0.0
1600,1600,63.0,269.0,0.5,2,0.0
1601,1601,67.0,269.0,0.5,2,0.0
1602,1602,36.0,269.0,0.5,2,0.0
1603,1603,48.0,269.0,0.5,2,0.0
1604,1604,60.0,269.5,0.5,2,0.0
1605,1605,63.0,269.5,0.5,2,0.0
1606,1606,66.0,269.5,0.5,2,0.0
1607,1607,34.0,269.5,0.5,2,0.0
1608,1608,46.0,269.5,0.5,2,0.0
1609,1609,60.0,270.0,0.5,2,1.0
1610,1610,63.0,270.0,0.5,2,1.0
1611,1611,65.0,270.0,0.5,2,1.0
1612,1612,33.0,270.0,0.5,2,1.0
1613,1613,45.0,270.0,0.5,2,1.0
1614,1614,57.0,270.5,0.5,2,0.0
1615,1615,72.0,270.75,0.25,2,0.0
1616,1616,77.0,271.0,0.25,2,0.0
1617,1617,76.0,271.25,0.25,2,0.0
1618,1618,77.0,271.5,0.25,2,0.0
1619,1619,57.0,271.5,0.5,2,0.0
1620,1620,65.0,271.5,0.5,2,0.0
1621,1621,72.0,271.75,0.25,2,0.0
1622,1622,75.0,272.0,0.25,2,1.0
1623,1623,58.0,272.0,0.5,2,1.0
1624,1624,65.0,272.0,0.5,2,1.0
1625,1625,74.0,272.25,0.25,2,0.0
1626,1626,46.0,272.5,0.5,2,0.0
1627,1627,82.0,272.66666,0.16666667,2,0.0
1628,1628,81.0,272.83334,0.16666667,2,0.0
1629,1629,82.0,273.0,0.16666667,2,0.0
1630,1630,81.0,273.16666,0.16666667,2,0.0
1631,1631,79.0,273.33334,0.16666667,2,0.0
1632,1632,77.0,273.5,0.16666667,2,0.0
1633,1633,75.0,273.66666,0.16666667,2,0.0
1634,1634,74.0,273.83334,0.16666667,2,0.0
1635,1635,72.0,274.0,0.5,2,1.0
1636,1636,51.0,274.25,0.25,2,0.0
1637,1637,58.0,274.5,0.25,2,0.0
1638,1638,72.0,274.66666,0.16666667,2,0.0
1639,1639,55.0,274.75,0.25,2,0.0
1640,1640,74.0,274.83334,0.16666667,2,0.0
1641,1641,75.0,275.0,0.16666667,2,0.0
1642,1642,60.0,275.0,0.5,2,0.0
1643,1643,74.0,275.16666,0.16666667,2,0.0
1644,1644,72.0,275.33334,0.16666667,2,0.0
1645,1645,79.0,275.5,0.16666667,2,0.0
1646,1646,77.0,275.66666,0.16666667,2,0.0
1647,1647,75.0,275.83334,0.16666667,2,0.0
1648,1648,74.0,276.0,0.5,2,1.0
1649,1649,53.0,276.25,0.25,2,0.0
1650,1650,58.0,276.5,0.25,2,0.0
1651,1651,82.0,276.66666,0.16666667,2,0.0
1652,1652,56.0,276.75,0.25,2,0.0
1653,1653,81.0,276.83334,0.16666667,2,0.0
1654,1654,82.0,277.0,0.16666667,2,0.0
1655,1655,62.0,277.0,0.5,2,0.0
1656,1656,80.0,277.16666,0.16666667,2,0.0
1657,1657,79.0,277.33334,0.16666667,2,0.0
1658,1658,77.0,277.5,0.16666667,2,0.0
1659,1659,75.0,277.66666,0.16666667,2,0.0
1660,1660,74.0,277.83334,0.16666667,2,0.0
1661,1661,75.0,278.0,0.5,2,1.0
1662,1662,55.0,278.25,0.25,2,0.0
1663,1663,63.0,278.5,0.25,2,0.0
1664,1664,75.0,278.66666,0.16666667,2,0.0
1665,1665,58.0,278.75,0.25,2,0.0
1666,1666,77.0,278.83334,0.16666667,2,0.0
1667,1667,79.0,279.0,0.16666667,2,0.0
1668,1668,67.0,279.0,0.5,2,0.0
1669,1669,77.0,279.16666,0.16666667,2,0.0
1670,1670,75.0,279.33334,0.16666667,2,0.0
1671,1671,82.0,279.5,0.16666667,2,0.0
1672,1672,80.0,279.66666,0.16666667,2,0.0
1673,1673,79.0,279.83334,0.16666667,2,0.0
1674,1674,77.0,280.0,0.5,2,1.0
1675,1675,50.0,280.25,0.25,2,0.0
1676,1676,58.0,280.5,0.25,2,0.0
1677,1677,82.0,280.66666,0.16666667,2,0.0
1678,1678,53.0,280.75,0.25,2,0.0
1679,1679,81.0,280.83334,0.16666667,2,0.0
1680,1680,82.0,281.0,0.16666667,2,0.0
1681,1681,62.0,281.0,0.5,2,0.0
1682,1682,80.0,281.16666,0.16666667,2,0.0
1683,1683,79.0,281.33334,0.16666667,2,0.0
1684,1684,77.0,281.5,0.16666667,2,0.0
1685,1685,79.0,281.66666,0.16666667,2,0.0
1686,1686,80.0,281.83334,0.16666667,2,0.0
1687,1687,79.0,282.0,0.16666667,2,1.0
1688,1688,51.0,282.0,3.0,2,1.0
1689,1689,82.0,282.16666,0.16666667,2,0.0
1690,1690,81.0,282.33334,0.16666667,2,0.0
1691,1691,79.0,282.5,0.16666667,2,0.0
1692,1692,81.0,282.66666,0.16666667,2,0.0
1693,1693,82.0,282.83334,0.16666667,2,0.0
1694,1694,75.0,283.0,0.16666667,2,0.0
1695,1695,55.0,283.0,1.0,2,0.0
1696,1696,79.0,283.16666,0.16666667,2,0.0
1697,1697,77.0,283.33334,0.16666667,2,0.0
1698,1698,75.0,283.5,0.16666667,2,0.0
1699,1699,77.0,283.66666,0.16666667,2,0.0
1700,1700,79.0,283.83334,0.16666667,2,0.0
1701,1701,72.0,284.0,0.16666667,2,1.0
1702,1702,60.0,284.0,1.0,2,1.0
1703,1703,75.0,284.16666,0.16666667,2,0.0
1704,1704,74.0,284.33334,0.16666667,2,0.0
1705,1705,72.0,284.5,0.16666667,2,0.0
1706,1706,74.0,284.66666,0.16666667,2,0.0
1707,1707,75.0,284.83334,0.16666667,2,0.0
1708,1708,67.0,285.0,0.16666667,2,0.0
1709,1709,60.0,285.0,1.0,2,0.0
1710,1710,52.0,285.0,1.0,2,0.0
1711,1711,70.0,285.16666,0.16666667,2,0.0
1712,1712,69.0,285.33334,0.16666667,2,0.0
1713,1713,67.0,285.5,0.16666667,2,0.0
1714,1714,69.0,285.66666,0.16666667,2,0.0
1715,1715,70.0,285.83334,0.16666667,2,0.0
1716,1716,69.0,286.0,0.125,2,1.0
1717,1717,53.0,286.0,0.25,2,1.0
1718,1718,65.0,286.125,0.125,2,0.0
1719,1719,67.0,286.25,0.125,2,0.0
1720,1720,60.0,286.25,0.25,2,0.0
1721,1721,69.0,286.375,0.125,2,0.0
1722,1722,70.0,286.5,0.125,2,0.0
1723,1723,57.0,286.5,0.25,2,0.0
1724,1724,72.0,286.625,0.125,2,0.0
1725,1725,74.0,286.75,0.125,2,0.0
1726,1726,60.0,286.75,0.25,2,0.0
1727,1727,76.0,286.875,0.125,2,0.0
1728,1728,77.0,287.0,0.125,2,0.0
1729,1729,53.0,287.0,0.25,2,0.0
1730,1730,79.0,287.125,0.125,2,0.0
1731,1731,81.0,287.25,0.125,2,0.0
1732,1732,60.0,287.25,0.25,2,0.0
1733,1733,82.0,287.375,0.125,2,0.0
1734,1734,84.0,287.5,0.25,2,0.0
1735,1735,57.0,287.5,0.25,2,0.0
1736,1736,75.0,287.75,0.25,2,0.0
1737,1737,60.0,287.75,0.25,2,0.0
1738,1738,74.0,288.0,0.125,2,1.0
1739,1739,53.0,288.0,0.25,2,1.0
1740,1740,70.0,288.125,0.125,2,0.0
1741,1741,72.0,288.25,0.125,2,0.0
1742,1742,62.0,288.25,0.25,2,0.0
1743,1743,74.0,288.375,0.125,2,0.0
1744,1744,75.0,288.5,0.125,2,0.0
1745,1745,58.0,288.5,0.25,2,0.0
1746,1746,77.0,288.625,0.125,2,0.0
1747,1747,79.0,288.75,0.125,2,0.0
1748,1748,62.0,288.75,0.25,2,0.0
1749,1749,81.0,288.875,0.125,2,0.0
1750,1750,82.0,289.0,0.125,2,0.0
1751,1751,53.0,289.0,0.25,2,0.0
1752,1752,84.0,289.125,0.125,2,0.0
1753,1753,86.0,289.25,0.125,2,0.0
1754,1754,62.0,289.25,0.25,2,0.0
1755,1755,87.0,289.375,0.125,2,0.0
1756,1756,89.0,289.5,0.25,2,0.0
1757,1757,58.0,289.5,0.25,2,0.0
1758,1758,82.0,289.75,0.25,2,0.0
1759,1759,62.0,289.75,0.25,2,0.0
1760,1760,81.0,290.0,0.125,2,1.0
1761,1761,53.0,290.0,0.25,2,1.0
1762,1762,82.0,290.125,0.125,2,0.0
1763,1763,84.0,290.25,0.125,2,0.0
1764,1764,63.0,290.25,0.25,2,0.0
1765,1765,82.0,290.375,0.125,2,0.0
1766,1766,81.0,290.5,0.125,2,0.0
1767,1767,60.0,290.5,0.25,2,0.0
1768,1768,82.0,290.625,0.125,2,0.0
1769,1769,84.0,290.75,0.125,2,0.0
1770,1770,63.0,290.75,0.25,2,0.0
1771,1771,86.0,290.875,0.125,2,0.0
1772,1772,87.0,291.0,0.125,2,0.0
1773,1773,53.0,291.0,0.25,2,0.0
1774,1774,86.0,291.125,0.125,2,0.0
1775,1775,84.0,291.25,0.125,2,0.0
1776,1776,60.0,291.25,0.25,2,0.0
1777,1777,82.0,291.375,0.125,2,0.0
1778,1778,81.0,291.5,0.125,2,0.0
1779,1779,57.0,291.5,0.25,2,0.0
1780,1780,79.0,291.625,0.125,2,0.0
1781,1781,77.0,291.75,0.125,2,0.0
1782,1782,60.0,291.75,0.25,2,0.0
1783,1783,75.0,291.875,0.125,2,0.0
1784,1784,74.0,292.0,0.125,2,1.0
1785,1785,53.0,292.0,0.25,2,1.0
1786,1786,77.0,292.125,0.125,2,0.0
1787,1787,75.0,292.25,0.125,2,0.0
1788,1788,62.0,292.25,0.25,2,0.0
1789,1789,74.0,292.375,0.125,2,0.0
1790,1790,75.0,292.5,0.125,2,0.0
1791,1791,58.0,292.5,0.25,2,0.0
1792,1792,77.0,292.625,0.125,2,0.0
1793,1793,79.0,292.75,0.125,2,0.0
1794,1794,62.0,292.75,0.25,2,0.0
1795,1795,81.0,292.875,0.125,2,0.0
1796,1796,82.0,293.0,0.125,2,0.0
1797,1797,53.0,293.0,0.25,2,0.0
1798,1798,81.0,293.125,0.125,2,0.0
1799,1799,79.0,293.25,0.125,2,0.0
1800,1800,62.0,293.25,0.25,2,0.0
1801,1801,77.0,293.375,0.125,2,0.0
1802,1802,75.0,293.5,0.125,2,0.0
1803,1803,58.0,293.5,0.25,2,0.0
1804,1804,74.0,293.625,0.125,2,0.0
1805,1805,72.0,293.75,0.125,2,0.0
1806,1806,62.0,293.75,0.25,2,0.0
1807,1807,70.0,293.875,0.125,2,0.0
1808,1808,69.0,294.0,0.5,2,1.0
1809,1809,72.0,294.0,0.5,2,1.0
1810,1810,77.0,294.0,0.5,2,1.0
1811,1811,53.0,294.0,0.5,2,1.0
1812,1812,57.0,294.0,0.5,2,1.0
1813,1813,60.0,294.0,0.5,2,1.0
1814,1814,65.0,294.5,0.5,2,0.0
1815,1815,72.0,295.0,0.75,2,0.0
1816,1816,51.0,295.0,0.25,2,0.0
1817,1817,53.0,295.25,0.25,2,0.0
1818,1818,51.0,295.5,0.25,2,0.0
1819,1819,69.0,295.75,0.125,2,0.0
1820,1820,53.0,295.75,0.25,2,0.0
1821,1821,65.0,295.875,0.125,2,0.0
1822,1822,70.0,296.0,0.5,2,1.0
1823,1823,50.0,296.0,0.25,2,1.0
1824,1824,53.0,296.25,0.25,2,0.0
1825,1825,71.0,296.5,0.5,2,0.0
1826,1826,50.0,296.5,0.25,2,0.0
1827,1827,53.0,296.75,0.25,2,0.0
1828,1828,72.0,297.0,0.75,2,0.0
1829,1829,51.0,297.0,0.25,2,0.0
1830,1830,53.0,297.25,0.25,2,0.0
1831,1831,51.0,297.5,0.25,2,0.0
1832,1832,69.0,297.75,0.125,2,0.0
1833,1833,53.0,297.75,0.25,2,0.0
1834,1834,65.0,297.875,0.125,2,0.0
1835,1835,70.0,298.0,0.5,2,1.0
1836,1836,50.0,298.0,0.25,2,1.0
1837,1837,53.0,298.25,0.25,2,0.0
1838,1838,50.0,298.5,0.25,2,0.0
1839,1839,53.0,298.75,0.25,2,0.0
1840,1840,72.0,299.0,0.25,2,0.0
1841,1841,51.0,299.0,0.25,2,0.0
1842,1842,72.0,299.25,0.5,2,0.0
1843,1843,53.0,299.25,0.25,2,0.0
1844,1844,51.0,299.5,0.25,2,0.0
1845,1845,69.0,299.75,0.125,2,0.0
1846,1846,53.0,299.75,0.25,2,0.0
1847,1847,65.0,299.875,0.125,2,0.0
1848,1848,70.0,300.0,0.25,2,1.0
1849,1849,50.0,300.0,0.25,2,1.0
1850,1850,70.0,300.25,0.25,2,0.0
1851,1851,53.0,300.25,0.25,2,0.0
1852,1852,71.0,300.5,0.25,2,0.0
1853,1853,50.0,300.5,0.25,2,0.0
1854,1854,71.0,300.75,0.25,2,0.0
1855,1855,53.0,300.75,0.25,2,0.0
1856,1856,72.0,301.0,0.25,2,0.0
1857,1857,51.0,301.0,0.25,2,0.0
1858,1858,72.0,301.25,0.5,2,0.0
1859,1859,53.0,301.25,0.25,2,0.0
1860,1860,51.0,301.5,0.25,2,0.0
1861,1861,69.0,301.75,0.125,2,0.0
1862,1862,53.0,301.75,0.25,2,0.0
1863,1863,65.0,301.875,0.125,2,0.0
1864,1864,70.0,302.0,0.5,2,1.0
1865,1865,50.0,302.0,0.25,2,1.0
1866,1866,65.0,302.25,0.25,2,0.0
1867,1867,62.0,302.5,0.25,2,0.0
1868,1868,65.0,302.75,0.25,2,0.0
1869,1869,83.0,303.0,0.125,2,0.0
1870,1870,63.0,303.0,0.25,2,0.0
1871,1871,84.0,303.125,0.125,2,0.0
1872,1872,86.0,303.25,0.125,2,0.0
1873,1873,65.0,303.25,0.25,2,0.0
1874,1874,84.0,303.375,0.125,2,0.0
1875,1875,82.0,303.5,0.125,2,0.0
1876,1876,63.0,303.5,0.25,2,0.0
1877,1877,81.0,303.625,0.125,2,0.0
1878,1878,79.0,303.75,0.125,2,0.0
1879,1879,65.0,303.75,0.25,2,0.0
1880,1880,77.0,303.875,0.125,2,0.0
1881,1881,82.0,304.0,0.125,2,1.0
1882,1882,62.0,304.0,0.5,2,1.0
1883,1883,77.0,304.125,0.125,2,0.0
1884,1884,86.0,304.25,0.125,2,0.0
1885,1885,82.0,304.375,0.125,2,0.0
1886,1886,89.0,304.5,0.125,2,0.0
1887,1887,86.0,304.625,0.125,2,0.0
1888,1888,89.0,304.75,0.125,2,0.0
1889,1889,86.0,304.875,0.125,2,0.0
1890,1890,89.0,305.0,0.125,2,0.0
1891,1891,87.0,305.125,0.125,2,0.0
1892,1892,86.0,305.25,0.125,2,0.0
1893,1893,84.0,305.375,0.125,2,0.0
1894,1894,82.0,305.5,0.125,2,0.0
1895,1895,50.0,305.5,0.5,2,0.0
1896,1896,58.0,305.5,0.5,2,0.0
1897,1897,81.0,305.625,0.125,2,0.0
1898,1898,79.0,305.75,0.125,2,0.0
1899,1899,77.0,305.875,0.125,2,0.0
1900,1900,79.0,306.0,0.125,2,1.0
1901,1901,51.0,306.0,0.5,2,1.0
1902,1902,58.0,306.0,0.5,2,1.0
1903,1903,75.0,306.125,0.125,2,0.0
1904,1904,82.0,306.25,0.125,2,0.0
1905,1905,79.0,306.375,0.125,2,0.0
1906,1906,82.0,306.5,0.125,2,0.0
1907,1907,81.0,306.625,0.125,2,0.0
1908,1908,82.0,306.75,0.125,2,0.0
1909,1909,81.0,306.875,0.125,2,0.0
1910,1910,82.0,307.0,0.125,2,0.0
1911,1911,81.0,307.125,0.125,2,0.0
1912,1912,79.0,307.25,0.125,2,0.0
1913,1913,77.0,307.375,0.125,2,0.0
1914,1914,75.0,307.5,0.125,2,0.0
1915,1915,51.0,307.5,0.5,2,0.0
1916,1916,58.0,307.5,0.5,2,0.0
1917,1917,60.0,307.5,0.5,2,0.0
1918,1918,74.0,307.625,0.125,2,0.0
1919,1919,72.0,307.75,0.125,2,0.0
1920,1920,70.0,307.875,0.125,2,0.0
1921,1921,65.0,308.0,0.125,2,1.0
1922,1922,53.0,308.0,0.25,2,1.0
1923,1923,77.0,308.125,0.125,2,0.0
1924,1924,79.0,308.25,0.125,2,0.0
1925,1925,62.0,308.25,0.25,2,0.0
1926,1926,77.0,308.375,0.125,2,0.0
1927,1927,75.0,308.5,0.125,2,0.0
1928,1928,58.0,308.5,0.25,2,0.0
1929,1929,74.0,308.625,0.125,2,0.0
1930,1930,72.0,308.75,0.125,2,0.0
1931,1931,62.0,308.75,0.25,2,0.0
1932,1932,70.0,308.875,0.125,2,0.0
1933,1933,72.0,309.0,0.75,2,0.0
1934,1934,53.0,309.0,0.25,2,0.0
1935,1935,63.0,309.25,0.25,2,0.0
1936,1936,57.0,309.5,0.25,2,0.0
1937,1937,70.0,309.75,0.125,2,0.0
1938,1938,63.0,309.75,0.25,2,0.0
1939,1939,72.0,309.875,0.125,2,0.0
1940,1940,74.0,310.0,0.125,2,1.0
1941,1941,58.0,310.0,0.5,2,1.0
1942,1942,75.0,310.125,0.125,2,0.0
1943,1943,77.0,310.25,0.125,2,0.0
1944,1944,75.0,310.375,0.125,2,0.0
1945,1945,74.0,310.5,0.125,2,0.0
1946,1946,72.0,310.625,0.125,2,0.0
1947,1947,70.0,310.75,0.125,2,0.0
1948,1948,60.0,310.75,0.25,2,0.0
1949,1949,69.0,310.875,0.125,2,0.0
1950,1950,70.0,311.0,0.125,2,0.0
1951,1951,62.0,311.0,0.5,2,0.0
1952,1952,72.0,311.125,0.125,2,0.0
1953,1953,74.0,311.25,0.125,2,0.0
1954,1954,72.0,311.375,0.125,2,0.0
1955,1955,70.0,311.5,0.125,2,0.0
1956,1956,68.0,311.625,0.125,2,0.0
1957,1957,67.0,311.75,0.125,2,0.0
1958,1958,38.0,311.75,0.25,2,0.0
1959,1959,50.0,311.75,0.25,2,0.0
1960,1960,66.0,311.875,0.125,2,0.0
1961,1961,67.0,312.0,0.125,2,1.0
1962,1962,39.0,312.0,0.5,2,1.0
1963,1963,51.0,312.0,0.5,2,1.0
1964,1964,69.0,312.125,0.125,2,0.0
1965,1965,70.0,312.25,0.125,2,0.0
1966,1966,69.0,312.375,0.125,2,0.0
1967,1967,67.0,312.5,0.125,2,0.0
1968,1968,65.0,312.625,0.125,2,0.0
1969,1969,63.0,312.75,0.125,2,0.0
1970,1970,62.0,312.875,0.125,2,0.0
1971,1971,60.0,313.0,0.125,2,0.0
1972,1972,62.0,313.125,0.125,2,0.0
1973,1973,63.0,313.25,0.125,2,0.0
1974,1974,62.0,313.375,0.125,2,0.0
1975,1975,60.0,313.5,0.125,2,0.0
1976,1976,58.0,313.625,0.125,2,0.0
1977,1977,57.0,313.75,0.125,2,0.0
1978,1978,55.0,313.875,0.125,2,0.0
1979,1979,53.0,314.0,0.25,2,1.0
1980,1980,29.0,314.0,2.0,2,1.0
1981,1981,41.0,314.0,2.0,2,1.0
1982,1982,55.0,314.25,0.125,2,0.0
1983,1983,57.0,314.375,0.125,2,0.0
1984,1984,58.0,314.5,0.125,2,0.0
1985,1985,60.0,314.625,0.125,2,0.0
1986,1986,62.0,314.75,0.125,2,0.0
1987,1987,63.0,314.875,0.125,2,0.0
1988,1988,65.0,315.0,0.25,2,0.0
1989,1989,67.0,315.0,0.0,2,0.0
1990,1990,63.0,315.25,0.125,2,0.0
1991,1991,62.0,315.375,0.125,2,0.0
1992,1992,63.0,315.5,0.125,2,0.0
1993,1993,65.0,315.625,0.125,2,0.0
1994,1994,67.0,315.75,0.125,2,0.0
1995,1995,69.0,315.875,0.125,2,0.0
1996,1996,70.0,316.0,0.125,2,1.0
1997,1997,41.0,316.0,0.5,2,1.0
1998,1998,46.0,316.0,0.5,2,1.0
1999,1999,50.0,316.0,0.5,2,1.0
2000,2000,69.0,316.125,0.125,2,0.0
2001,2001,67.0,316.25,0.125,2,0.0
2002,2002,65.0,316.375,0.125,2,0.0
2003,2003,67.0,316.5,0.125,2,0.0
2004,2004,69.0,316.625,0.125,2,0.0
2005,2005,70.0,316.75,0.125,2,0.0
2006,2006,72.0,316.875,0.125,2,0.0
2007,2007,74.0,317.0,0.125,2,0.0
2008,2008,41.0,317.0,0.5,2,0.0
2009,2009,46.0,317.0,0.5,2,0.0
2010,2010,50.0,317.0,0.5,2,0.0
2011,2011,72.0,317.125,0.125,2,0.0
2012,2012,70.0,317.25,0.125,2,0.0
2013,2013,69.0,317.375,0.125,2,0.0
2014,2014,70.0,317.5,0.125,2,0.0
2015,2015,72.0,317.625,0.125,2,0.0
2016,2016,74.0,317.75,0.125,2,0.0
2017,2017,75.0,317.875,0.125,2,0.0
2018,2018,77.0,318.0,0.125,2,1.0
2019,2019,53.0,318.0,0.5,2,1.0
2020,2020,58.0,318.0,0.5,2,1.0
2021,2021,62.0,318.0,0.5,2,1.0
2022,2022,74.0,318.125,0.125,2,0.0
2023,2023,77.0,318.25,0.125,2,0.0
2024,2024,74.0,318.375,0.125,2,0.0
2025,2025,82.0,318.5,0.125,2,0.0
2026,2026,77.0,318.625,0.125,2,0.0
2027,2027,82.0,318.75,0.125,2,0.0
2028,2028,77.0,318.875,0.125,2,0.0
2029,2029,86.0,319.0,0.125,2,0.0
2030,2030,82.0,319.125,0.125,2,0.0
2031,2031,86.0,319.25,0.125,2,0.0
2032,2032,82.0,319.375,0.125,2,0.0
2033,2033,89.0,319.5,0.125,2,0.0
2034,2034,86.0,319.625,0.125,2,0.0
2035,2035,89.0,319.75,0.125,2,0.0
2036,2036,86.0,319.875,0.125,2,0.0
2037,2037,82.0,320.0,0.125,2,1.0
2038,2038,86.0,320.125,0.125,2,0.0
2039,2039,82.0,320.25,0.125,2,0.0
2040,2040,86.0,320.375,0.125,2,0.0
2041,2041,77.0,320.5,0.125,2,0.0
2042,2042,82.0,320.625,0.125,2,0.0
2043,2043,77.0,320.75,0.125,2,0.0
2044,2044,82.0,320.875,0.125,2,0.0
2045,2045,74.0,321.0,0.125,2,0.0
2046,2046,77.0,321.125,0.125,2,0.0
2047,2047,74.0,321.25,0.125,2,0.0
2048,2048,77.0,321.375,0.125,2,0.0
2049,2049,70.0,321.5,0.125,2,0.0
2050,2050,74.0,321.625,0.125,2,0.0
2051,2051,70.0,321.75,0.125,2,0.0
2052,2052,74.0,321.875,0.125,2,0.0
2053,2053,65.0,322.0,0.5,2,1.0
2054,2054,53.0,322.0,0.25,2,1.0
2055,2055,62.0,322.25,0.25,2,0.0
2056,2056,77.0,322.5,0.75,2,0.0
2057,2057,58.0,322.5,0.25,2,0.0
2058,2058,62.0,322.75,0.25,2,0.0
2059,2059,53.0,323.0,0.25,2,0.0
2060,2060,79.0,323.25,0.125,2,0.0
2061,2061,62.0,323.25,0.25,2,0.0
2062,2062,77.0,323.375,0.125,2,0.0
2063,2063,75.0,323.5,0.125,2,0.0
2064,2064,58.0,323.5,0.25,2,0.0
2065,2065,74.0,323.625,0.125,2,0.0
2066,2066,72.0,323.75,0.125,2,0.0
2067,2067,62.0,323.75,0.25,2,0.0
2068,2068,70.0,323.875,0.125,2,0.0
2069,2069,72.0,324.0,2.0,2,1.0
2070,2070,53.0,324.0,0.25,2,1.0
2071,2071,70.0,324.0,0.0,2,1.0
2072,2072,72.0,324.0,0.0,2,1.0
2073,2073,74.0,324.0,0.0,2,1.0
2074,2074,63.0,324.25,0.25,2,0.0
2075,2075,57.0,324.5,0.25,2,0.0
2076,2076,63.0,324.75,0.25,2,0.0
2077,2077,53.0,325.0,0.25,2,0.0
2078,2078,63.0,325.25,0.25,2,0.0
2079,2079,57.0,325.5,0.25,2,0.0
2080,2080,63.0,325.75,0.25,2,0.0
2081,2081,70.0,326.0,0.25,2,1.0
2082,2082,58.0,326.0,0.5,2,1.0
2083,2083,62.0,326.0,0.5,2,1.0
2084,2084,70.0,326.0,0.0,2,1.0
2085,2085,72.0,326.0,0.0,2,1.0
2086,2086,70.0,326.25,0.25,2,0.0
2087,2087,58.0,326.5,0.5,2,0.0
2088,2088,62.0,326.5,0.5,2,0.0
2089,2089,70.0,326.75,0.25,2,0.0
2090,2090,70.0,327.0,0.25,2,0.0
2091,2091,70.0,327.25,0.25,2,0.0
2092,2092,58.0,327.5,0.5,2,0.0
2093,2093,62.0,327.5,0.5,2,0.0
2094,2094,70.0,327.75,0.25,2,0.0
2095,2095,72.0,328.0,0.25,2,1.0
2096,2096,58.0,328.0,0.5,2,1.0
2097,2097,69.0,328.0,0.5,2,1.0
2098,2098,72.0,328.25,0.25,2,0.0
2099,2099,58.0,328.5,0.5,2,0.0
2100,2100,69.0,328.5,0.5,2,0.0
2101,2101,72.0,328.75,0.25,2,0.0
2102,2102,72.0,329.0,0.25,2,0.0
2103,2103,72.0,329.25,0.25,2,0.0
2104,2104,58.0,329.5,0.5,2,0.0
2105,2105,69.0,329.5,0.5,2,0.0
2106,2106,72.0,329.75,0.25,2,0.0
2107,2107,74.0,330.0,0.25,2,1.0
2108,2108,58.0,330.0,0.5,2,1.0
2109,2109,68.0,330.0,0.5,2,1.0
2110,2110,74.0,330.25,0.25,2,0.0
2111,2111,58.0,330.5,0.5,2,0.0
2112,2112,68.0,330.5,0.5,2,0.0
2113,2113,74.0,330.75,0.25,2,0.0
2114,2114,75.0,331.0,0.25,2,0.0
2115,2115,58.0,331.0,0.5,2,0.0
2116,2116,67.0,331.0,0.5,2,0.0
2117,2117,75.0,331.25,0.25,2,0.0
2118,2118,58.0,331.5,0.5,2,0.0
2119,2119,67.0,331.5,0.5,2,0.0
2120,2120,76.0,331.75,0.25,2,0.0
2121,2121,77.0,332.0,0.25,2,1.0
2122,2122,58.0,332.0,0.5,2,1.0
2123,2123,62.0,332.0,0.5,2,1.0
2124,2124,77.0,332.25,0.25,2,0.0
2125,2125,58.0,332.5,0.5,2,0.0
2126,2126,62.0,332.5,0.5,2,0.0
2127,2127,78.0,332.75,0.25,2,0.0
2128,2128,79.0,333.0,0.25,2,0.0
2129,2129,58.0,333.0,0.5,2,0.0
2130,2130,63.0,333.0,0.5,2,0.0
2131,2131,79.0,333.25,0.25,2,0.0
2132,2132,81.0,333.5,0.25,2,0.0
2133,2133,58.0,333.5,0.5,2,0.0
2134,2134,60.0,333.5,0.5,2,0.0
2135,2135,81.0,333.75,0.25,2,0.0
2136,2136,74.0,334.0,0.125,2,1.0
2137,2137,46.0,334.0,0.25,2,1.0
2138,2138,58.0,334.0,0.25,2,1.0
2139,2139,82.0,334.125,0.125,2,0.0
2140,2140,86.0,334.25,0.125,2,0.0
2141,2141,46.0,334.25,0.25,2,0.0
2142,2142,58.0,334.25,0.25,2,0.0
2143,2143,82.0,334.375,0.125,2,0.0
2144,2144,86.0,334.5,0.125,2,0.0
2145,2145,82.0,334.625,0.125,2,0.0
2146,2146,86.0,334.75,0.125,2,0.0
2147,2147,46.0,334.75,0.25,2,0.0
2148,2148,58.0,334.75,0.25,2,0.0
2149,2149,82.0,334.875,0.125,2,0.0
2150,2150,74.0,335.0,0.125,2,0.0
2151,2151,50.0,335.0,0.25,2,0.0
2152,2152,62.0,335.0,0.25,2,0.0
2153,2153,82.0,335.125,0.125,2,0.0
2154,2154,86.0,335.25,0.125,2,0.0
2155,2155,50.0,335.25,0.25,2,0.0
2156,2156,62.0,335.25,0.25,2,0.0
2157,2157,82.0,335.375,0.125,2,0.0
2158,2158,86.0,335.5,0.125,2,0.0
2159,2159,82.0,335.625,0.125,2,0.0
2160,2160,86.0,335.75,0.125,2,0.0
2161,2161,46.0,335.75,0.25,2,0.0
2162,2162,58.0,335.75,0.25,2,0.0
2163,2163,82.0,335.875,0.125,2,0.0
2164,2164,74.0,336.0,0.125,2,1.0
2165,2165,43.0,336.0,0.25,2,1.0
2166,2166,55.0,336.0,0.25,2,1.0
2167,2167,82.0,336.125,0.125,2,0.0
2168,2168,86.0,336.25,0.125,2,0.0
2169,2169,43.0,336.25,0.25,2,0.0
2170,2170,55.0,336.25,0.25,2,0.0
2171,2171,82.0,336.375,0.125,2,0.0
2172,2172,86.0,336.5,0.125,2,0.0
2173,2173,82.0,336.625,0.125,2,0.0
2174,2174,86.0,336.75,0.125,2,0.0
2175,2175,43.0,336.75,0.25,2,0.0
2176,2176,55.0,336.75,0.25,2,0.0
2177,2177,82.0,336.875,0.125,2,0.0
2178,2178,74.0,337.0,0.125,2,0.0
2179,2179,46.0,337.0,0.25,2,0.0
2180,2180,58.0,337.0,0.25,2,0.0
2181,2181,82.0,337.125,0.125,2,0.0
2182,2182,86.0,337.25,0.125,2,0.0
2183,2183,46.0,337.25,0.25,2,0.0
2184,2184,58.0,337.25,0.25,2,0.0
2185,2185,82.0,337.375,0.125,2,0.0
2186,2186,86.0,337.5,0.125,2,0.0
2187,2187,82.0,337.625,0.125,2,0.0
2188,2188,86.0,337.75,0.125,2,0.0
2189,2189,43.0,337.75,0.25,2,0.0
2190,2190,55.0,337.75,0.25,2,0.0
2191,2191,82.0,337.875,0.125,2,0.0
2192,2192,74.0,338.0,0.125,2,1.0
2193,2193,38.0,338.0,0.25,2,1.0
2194,2194,50.0,338.0,0.25,2,1.0
2195,2195,82.0,338.125,0.125,2,0.0
2196,2196,86.0,338.25,0.125,2,0.0
2197,2197,38.0,338.25,0.25,2,0.0
2198,2198,50.0,338.25,0.25,2,0.0
2199,2199,82.0,338.375,0.125,2,0.0
2200,2200,86.0,338.5,0.125,2,0.0
2201,2201,82.0,338.625,0.125,2,0.0
2202,2202,86.0,338.75,0.125,2,0.0
2203,2203,38.0,338.75,0.25,2,0.0
2204,2204,50.0,338.75,0.25,2,0.0
2205,2205,82.0,338.875,0.125,2,0.0
2206,2206,74.0,339.0,0.125,2,0.0
2207,2207,39.0,339.0,0.25,2,0.0
2208,2208,51.0,339.0,0.25,2,0.0
2209,2209,82.0,339.125,0.125,2,0.0
2210,2210,86.0,339.25,0.125,2,0.0
2211,2211,39.0,339.25,0.25,2,0.0
2212,2212,51.0,339.25,0.25,2,0.0
2213,2213,82.0,339.375,0.125,2,0.0
2214,2214,86.0,339.5,0.125,2,0.0
2215,2215,40.0,339.5,0.25,2,0.0
2216,2216,52.0,339.5,0.25,2,0.0
2217,2217,82.0,339.625,0.125,2,0.0
2218,2218,86.0,339.75,0.125,2,0.0
2219,2219,40.0,339.75,0.25,2,0.0
2220,2220,52.0,339.75,0.25,2,0.0
2221,2221,82.0,339.875,0.125,2,0.0
2222,2222,86.0,340.0,1.0,2,1.0
2223,2223,74.0,340.0,0.5,2,1.0
2224,2224,77.0,340.0,0.5,2,1.0
2225,2225,82.0,340.0,0.5,2,1.0
2226,2226,41.0,340.0,1.0,2,1.0
2227,2227,53.0,340.0,1.0,2,1.0
2228,2228,65.0,341.25,0.125,2,0.0
2229,2229,69.0,341.375,0.125,2,0.0
2230,2230,67.0,341.5,0.125,2,0.0
2231,2231,70.0,341.625,0.125,2,0.0
2232,2232,69.0,341.75,0.125,2,0.0
2233,2233,72.0,341.875,0.125,2,0.0
2234,2234,70.0,342.0,0.25,2,1.0
2235,2235,69.0,342.25,0.125,2,0.0
2236,2236,72.0,342.375,0.125,2,0.0
2237,2237,70.0,342.5,0.125,2,0.0
2238,2238,74.0,342.625,0.125,2,0.0
2239,2239,72.0,342.75,0.125,2,0.0
2240,2240,75.0,342.875,0.125,2,0.0
2241,2241,74.0,343.0,0.25,2,0.0
2242,2242,72.0,343.25,0.125,2,0.0
2243,2243,75.0,343.375,0.125,2,0.0
2244,2244,74.0,343.5,0.125,2,0.0
2245,2245,77.0,343.625,0.125,2,0.0
2246,2246,75.0,343.75,0.125,2,0.0
2247,2247,79.0,343.875,0.125,2,0.0
2248,2248,77.0,344.0,0.75,2,1.0
2249,2249,53.0,344.0,0.25,2,1.0
2250,2250,62.0,344.25,0.25,2,0.0
2251,2251,58.0,344.5,0.25,2,0.0
2252,2252,74.0,344.75,0.25,2,0.0
2253,2253,62.0,344.75,0.25,2,0.0
2254,2254,70.0,345.0,0.5,2,0.0
2255,2255,53.0,345.0,0.25,2,0.0
2256,2256,62.0,345.25,0.25,2,0.0
2257,2257,70.0,345.5,0.5,2,0.0
2258,2258,58.0,345.5,0.25,2,0.0
2259,2259,62.0,345.75,0.25,2,0.0
2260,2260,75.0,346.0,0.5,2,1.0
2261,2261,53.0,346.0,0.25,2,1.0
2262,2262,63.0,346.25,0.25,2,0.0
2263,2263,79.0,346.5,0.5,2,0.0
2264,2264,60.0,346.5,0.25,2,0.0
2265,2265,77.0,346.5,0.0,2,0.0
2266,2266,75.0,346.5,0.0,2,0.0
2267,2267,74.0,346.5,0.0,2,0.0
2268,2268,75.0,346.5,0.0,2,0.0
2269,2269,63.0,346.75,0.25,2,0.0
2270,2270,69.0,347.0,0.5,2,0.0
2271,2271,53.0,347.0,0.25,2,0.0
2272,2272,63.0,347.25,0.25,2,0.0
2273,2273,60.0,347.5,0.25,2,0.0
2274,2274,63.0,347.75,0.25,2,0.0
2275,2275,77.0,348.0,0.75,2,1.0
2276,2276,53.0,348.0,0.25,2,1.0
2277,2277,61.0,348.25,0.25,2,0.0
2278,2278,58.0,348.5,0.25,2,0.0
2279,2279,73.0,348.75,0.25,2,0.0
2280,2280,61.0,348.75,0.25,2,0.0
2281,2281,70.0,349.0,0.25,2,0.0
2282,2282,53.0,349.0,0.25,2,0.0
2283,2283,70.0,349.25,0.25,2,0.0
2284,2284,61.0,349.25,0.25,2,0.0
2285,2285,70.0,349.5,0.25,2,0.0
2286,2286,58.0,349.5,0.25,2,0.0
2287,2287,70.0,349.75,0.25,2,0.0
2288,2288,61.0,349.75,0.25,2,0.0
2289,2289,75.0,350.0,0.5,2,1.0
2290,2290,53.0,350.0,0.25,2,1.0
2291,2291,63.0,350.25,0.25,2,0.0
2292,2292,78.0,350.5,0.5,2,0.0
2293,2293,60.0,350.5,0.25,2,0.0
2294,2294,77.0,350.5,0.0,2,0.0
2295,2295,75.0,350.5,0.0,2,0.0
2296,2296,74.0,350.5,0.0,2,0.0
2297,2297,75.0,350.5,0.0,2,0.0
2298,2298,63.0,350.75,0.25,2,0.0
2299,2299,69.0,351.0,0.5,2,0.0
2300,2300,53.0,351.0,0.25,2,0.0
2301,2301,63.0,351.25,0.25,2,0.0
2302,2302,60.0,351.5,0.25,2,0.0
2303,2303,63.0,351.75,0.25,2,0.0
2304,2304,70.0,352.0,0.25,2,1.0
2305,2305,54.0,352.0,0.5,2,1.0
2306,2306,61.0,352.0,0.5,2,1.0
2307,2307,82.0,352.25,0.25,2,0.0
2308,2308,84.0,352.5,0.25,2,0.0
2309,2309,85.0,352.75,0.25,2,0.0
2310,2310,84.0,353.0,0.25,2,0.0
2311,2311,82.0,353.25,0.25,2,0.0
2312,2312,80.0,353.5,0.25,2,0.0
2313,2313,78.0,353.75,0.25,2,0.0
2314,2314,77.0,354.0,1.0,2,1.0
2315,2315,54.0,354.0,2.0,2,1.0
2316,2316,58.0,354.25,0.25,2,0.0
2317,2317,60.0,354.5,0.25,2,0.0
2318,2318,61.0,354.75,0.25,2,0.0
2319,2319,76.0,355.0,1.0,2,0.0
2320,2320,61.0,355.0,0.25,2,0.0
2321,2321,60.0,355.25,0.25,2,0.0
2322,2322,60.0,355.5,0.25,2,0.0
2323,2323,58.0,355.75,0.25,2,0.0
2324,2324,77.0,356.0,0.25,2,1.0
2325,2325,57.0,356.0,0.5,2,1.0
2326,2326,53.0,356.0,0.5,2,1.0
2327,2327,77.0,356.25,0.25,2,0.0
2328,2328,57.0,356.5,0.5,2,0.0
2329,2329,53.0,356.5,0.5,2,0.0
2330,2330,77.0,356.75,0.25,2,0.0
2331,2331,77.0,357.0,0.25,2,0.0
2332,2332,77.0,357.25,0.25,2,0.0
2333,2333,57.0,357.5,0.5,2,0.0
2334,2334,53.0,357.5,0.5,2,0.0
2335,2335,77.0,357.75,0.25,2,0.0
2336,2336,77.0,358.0,0.25,2,1.0
2337,2337,55.0,358.0,0.5,2,1.0
2338,2338,58.0,358.0,0.5,2,1.0
2339,2339,53.0,358.0,0.5,2,1.0
2340,2340,77.0,358.25,0.25,2,0.0
2341,2341,55.0,358.5,0.5,2,0.0
2342,2342,58.0,358.5,0.5,2,0.0
2343,2343,53.0,358.5,0.5,2,0.0
2344,2344,77.0,358.75,0.25,2,0.0
2345,2345,77.0,359.0,0.25,2,0.0
2346,2346,77.0,359.25,0.25,2,0.0
2347,2347,56.0,359.5,0.5,2,0.0
2348,2348,59.0,359.5,0.5,2,0.0
2349,2349,53.0,359.5,0.5,2,0.0
2350,2350,77.0,359.75,0.25,2,0.0
2351,2351,77.0,360.0,0.25,2,1.0
2352,2352,57.0,360.0,0.5,2,1.0
2353,2353,60.0,360.0,0.5,2,1.0
2354,2354,53.0,360.0,1.0,2,1.0
2355,2355,77.0,360.25,0.25,2,0.0
2356,2356,57.0,360.5,0.5,2,0.0
2357,2357,61.0,360.5,0.5,2,0.0
2358,2358,77.0,360.75,0.25,2,0.0
2359,2359,77.0,361.0,0.25,2,0.0
2360,2360,58.0,361.0,0.5,2,0.0
2361,2361,62.0,361.0,0.5,2,0.0
2362,2362,53.0,361.0,1.0,2,0.0
2363,2363,77.0,361.25,0.25,2,0.0
2364,2364,59.0,361.5,0.5,2,0.0
2365,2365,62.0,361.5,0.5,2,0.0
2366,2366,77.0,361.75,0.25,2,0.0
2367,2367,77.0,362.0,0.25,2,1.0
2368,2368,53.0,362.0,2.0,2,1.0
2369,2369,60.0,362.0,2.0,2,1.0
2370,2370,63.0,362.0,2.0,2,1.0
2371,2371,81.0,362.25,0.25,2,0.0
2372,2372,81.0,362.5,0.25,2,0.0
2373,2373,84.0,362.75,0.25,2,0.0
2374,2374,84.0,363.0,0.25,2,0.0
2375,2375,87.0,363.25,0.25,2,0.0
2376,2376,87.0,363.5,0.25,2,0.0
2377,2377,84.0,363.75,0.25,2,0.0
2378,2378,84.0,364.0,0.25,2,1.0
2379,2379,81.0,364.25,0.25,2,0.0
2380,2380,81.0,364.5,0.25,2,0.0
2381,2381,77.0,364.75,0.25,2,0.0
2382,2382,77.0,365.0,0.25,2,0.0
2383,2383,76.0,365.25,0.25,2,0.0
2384,2384,76.0,365.5,0.25,2,0.0
2385,2385,77.0,365.75,0.25,2,0.0
2386,2386,77.0,366.0,0.25,2,1.0
2387,2387,53.0,366.0,0.25,2,1.0
2388,2388,76.0,366.25,0.25,2,0.0
2389,2389,57.0,366.25,0.25,2,0.0
2390,2390,75.0,366.5,1.0,2,0.0
2391,2391,57.0,366.5,0.25,2,0.0
2392,2392,60.0,366.75,0.25,2,0.0
2393,2393,60.0,367.0,0.25,2,0.0
2394,2394,63.0,367.25,0.25,2,0.0
2395,2395,75.0,367.5,1.0,2,0.0
2396,2396,63.0,367.5,0.25,2,0.0
2397,2397,60.0,367.75,0.25,2,0.0
2398,2398,60.0,368.0,0.25,2,1.0
2399,2399,57.0,368.25,0.25,2,0.0
2400,2400,75.0,368.5,0.5,2,0.0
2401,2401,57.0,368.5,0.25,2,0.0
2402,2402,53.0,368.75,0.25,2,0.0
2403,2403,75.0,369.0,0.5,2,0.0
2404,2404,54.0,369.0,0.25,2,0.0
2405,2405,55.0,369.25,0.25,2,0.0
2406,2406,75.0,369.5,0.5,2,0.0
2407,2407,56.0,369.5,0.25,2,0.0
2408,2408,57.0,369.75,0.25,2,0.0
2409,2409,74.0,370.0,0.5,2,1.0
2410,2410,58.0,370.0,0.25,2,1.0
2411,2411,58.0,370.25,0.25,2,0.0
2412,2412,68.0,370.5,0.5,2,0.0
2413,2413,77.0,370.5,0.5,2,0.0
2414,2414,58.0,370.75,0.25,2,0.0
2415,2415,67.0,371.0,0.5,2,0.0
2416,2416,75.0,371.0,0.5,2,0.0
2417,2417,58.0,371.0,0.25,2,0.0
2418,2418,58.0,371.25,0.25,2,0.0
2419,2419,66.0,371.5,0.5,2,0.0
2420,2420,74.0,371.5,0.5,2,0.0
2421,2421,58.0,371.75,0.25,2,0.0
2422,2422,67.0,372.0,0.5,2,1.0
2423,2423,75.0,372.0,0.5,2,1.0
2424,2424,58.0,372.0,0.25,2,1.0
2425,2425,58.0,372.25,0.25,2,0.0
2426,2426,70.0,372.5,0.5,2,0.0
2427,2427,79.0,372.5,0.5,2,0.0
2428,2428,58.0,372.75,0.25,2,0.0
2429,2429,68.0,373.0,0.5,2,0.0
2430,2430,77.0,373.0,0.5,2,0.0
2431,2431,58.0,373.0,0.25,2,0.0
2432,2432,58.0,373.25,0.25,2,0.0
2433,2433,67.0,373.5,0.5,2,0.0
2434,2434,76.0,373.5,0.5,2,0.0
2435,2435,58.0,373.75,0.25,2,0.0
2436,2436,68.0,374.0,0.5,2,1.0
2437,2437,77.0,374.0,0.5,2,1.0
2438,2438,58.0,374.0,0.25,2,1.0
2439,2439,58.0,374.25,0.25,2,0.0
2440,2440,77.0,374.5,0.5,2,0.0
2441,2441,80.0,374.5,0.5,2,0.0
2442,2442,58.0,374.75,0.25,2,0.0
2443,2443,75.0,375.0,0.5,2,0.0
2444,2444,79.0,375.0,0.5,2,0.0
2445,2445,58.0,375.0,0.25,2,0.0
2446,2446,58.0,375.25,0.25,2,0.0
2447,2447,74.0,375.5,0.5,2,0.0
2448,2448,78.0,375.5,0.5,2,0.0
2449,2449,58.0,375.75,0.25,2,0.0
2450,2450,74.0,376.0,0.25,2,1.0
2451,2451,77.0,376.0,0.25,2,1.0
2452,2452,79.0,376.0,0.25,2,1.0
2453,2453,59.0,376.0,0.5,2,1.0
2454,2454,74.0,376.25,0.25,2,0.0
2455,2455,77.0,376.25,0.25,2,0.0
2456,2456,79.0,376.25,0.25,2,0.0
2457,2457,47.0,376.5,0.5,2,0.0
2458,2458,59.0,376.5,0.5,2,0.0
2459,2459,74.0,376.75,0.25,2,0.0
2460,2460,77.0,376.75,0.25,2,0.0
2461,2461,79.0,376.75,0.25,2,0.0
2462,2462,75.0,377.0,0.25,2,0.0
2463,2463,79.0,377.0,0.25,2,0.0
2464,2464,87.0,377.0,0.25,2,0.0
2465,2465,48.0,377.0,0.5,2,0.0
2466,2466,60.0,377.0,0.5,2,0.0
2467,2467,75.0,377.25,0.25,2,0.0
2468,2468,79.0,377.25,0.25,2,0.0
2469,2469,87.0,377.25,0.25,2,0.0
2470,2470,46.0,377.5,0.5,2,0.0
2471,2471,58.0,377.5,0.5,2,0.0
2472,2472,72.0,377.75,0.25,2,0.0
2473,2473,75.0,377.75,0.25,2,0.0
2474,2474,79.0,377.75,0.25,2,0.0
2475,2475,72.0,378.0,0.25,2,1.0
2476,2476,75.0,378.0,0.25,2,1.0
2477,2477,77.0,378.0,0.25,2,1.0
2478,2478,45.0,378.0,0.5,2,1.0
2479,2479,57.0,378.0,0.5,2,1.0
2480,2480,72.0,378.25,0.25,2,0.0
2481,2481,75.0,378.25,0.25,2,0.0
2482,2482,77.0,378.25,0.25,2,0.0
2483,2483,45.0,378.5,0.5,2,0.0
2484,2484,57.0,378.5,0.5,2,0.0
2485,2485,72.0,378.75,0.25,2,0.0
2486,2486,75.0,378.75,0.25,2,0.0
2487,2487,77.0,378.75,0.25,2,0.0
2488,2488,74.0,379.0,0.25,2,0.0
2489,2489,77.0,379.0,0.25,2,0.0
2490,2490,86.0,379.0,0.25,2,0.0
2491,2491,46.0,379.0,0.5,2,0.0
2492,2492,58.0,379.0,0.5,2,0.0
2493,2493,74.0,379.25,0.25,2,0.0
2494,2494,77.0,379.25,0.25,2,0.0
2495,2495,86.0,379.25,0.25,2,0.0
2496,2496,45.0,379.5,0.5,2,0.0
2497,2497,57.0,379.5,0.5,2,0.0
2498,2498,70.0,379.75,0.25,2,0.0
2499,2499,74.0,379.75,0.25,2,0.0
2500,2500,77.0,379.75,0.25,2,0.0
2501,2501,70.0,380.0,0.25,2,1.0
2502,2502,74.0,380.0,0.25,2,1.0
2503,2503,75.0,380.0,0.25,2,1.0
2504,2504,43.0,380.0,0.5,2,1.0
2505,2505,55.0,380.0,0.5,2,1.0
2506,2506,70.0,380.25,0.25,2,0.0
2507,2507,74.0,380.25,0.25,2,0.0
2508,2508,75.0,380.25,0.25,2,0.0
2509,2509,43.0,380.5,0.5,2,0.0
2510,2510,55.0,380.5,0.5,2,0.0
2511,2511,70.0,380.75,0.25,2,0.0
2512,2512,74.0,380.75,0.25,2,0.0
2513,2513,75.0,380.75,0.25,2,0.0
2514,2514,72.0,381.0,0.25,2,0.0
2515,2515,75.0,381.0,0.25,2,0.0
2516,2516,84.0,381.0,0.25,2,0.0
2517,2517,45.0,381.0,0.5,2,0.0
2518,2518,57.0,381.0,0.5,2,0.0
2519,2519,72.0,381.25,0.25,2,0.0
2520,2520,75.0,381.25,0.25,2,0.0
2521,2521,84.0,381.25,0.25,2,0.0
2522,2522,43.0,381.5,0.5,2,0.0
2523,2523,55.0,381.5,0.5,2,0.0
2524,2524,69.0,381.75,0.25,2,0.0
2525,2525,72.0,381.75,0.25,2,0.0
2526,2526,75.0,381.75,0.25,2,0.0
2527,2527,69.0,382.0,0.25,2,1.0
2528,2528,72.0,382.0,0.25,2,1.0
2529,2529,74.0,382.0,0.25,2,1.0
2530,2530,42.0,382.0,0.5,2,1.0
2531,2531,54.0,382.0,0.5,2,1.0
2532,2532,69.0,382.25,0.25,2,0.0
2533,2533,72.0,382.25,0.25,2,0.0
2534,2534,74.0,382.25,0.25,2,0.0
2535,2535,42.0,382.5,0.5,2,0.0
2536,2536,54.0,382.5,0.5,2,0.0
2537,2537,69.0,382.75,0.25,2,0.0
2538,2538,72.0,382.75,0.25,2,0.0
2539,2539,74.0,382.75,0.25,2,0.0
2540,2540,70.0,383.0,0.25,2,0.0
2541,2541,74.0,383.0,0.25,2,0.0
2542,2542,82.0,383.0,0.25,2,0.0
2543,2543,43.0,383.0,0.5,2,0.0
2544,2544,55.0,383.0,0.5,2,0.0
2545,2545,70.0,383.25,0.25,2,0.0
2546,2546,74.0,383.25,0.25,2,0.0
2547,2547,82.0,383.25,0.25,2,0.0
2548,2548,41.0,383.5,0.5,2,0.0
2549,2549,53.0,383.5,0.5,2,0.0
2550,2550,67.0,383.75,0.25,2,0.0
2551,2551,70.0,383.75,0.25,2,0.0
2552,2552,74.0,383.75,0.25,2,0.0
2553,2553,67.0,384.0,0.25,2,1.0
2554,2554,70.0,384.0,0.25,2,1.0
2555,2555,72.0,384.0,0.25,2,1.0
2556,2556,39.0,384.0,0.25,2,1.0
2557,2557,51.0,384.0,0.25,2,1.0
2558,2558,67.0,384.25,0.25,2,0.0
2559,2559,70.0,384.25,0.25,2,0.0
2560,2560,72.0,384.25,0.25,2,0.0
2561,2561,55.0,384.25,0.25,2,0.0
2562,2562,58.0,384.5,0.25,2,0.0
2563,2563,72.0,384.75,0.25,2,0.0
2564,2564,55.0,384.75,0.25,2,0.0
2565,2565,82.0,385.0,0.25,2,0.0
2566,2566,51.0,385.0,0.25,2,0.0
2567,2567,82.0,385.25,0.25,2,0.0
2568,2568,55.0,385.25,0.25,2,0.0
2569,2569,82.0,385.5,0.25,2,0.0
2570,2570,58.0,385.5,0.25,2,0.0
2571,2571,72.0,385.75,0.25,2,0.0
2572,2572,55.0,385.75,0.25,2,0.0
2573,2573,74.0,386.0,0.25,2,1.0
2574,2574,53.0,386.0,0.25,2,1.0
2575,2575,74.0,386.25,0.25,2,0.0
2576,2576,56.0,386.25,0.25,2,0.0
2577,2577,58.0,386.5,0.25,2,0.0
2578,2578,74.0,386.75,0.25,2,0.0
2579,2579,56.0,386.75,0.25,2,0.0
2580,2580,82.0,387.0,0.25,2,0.0
2581,2581,53.0,387.0,0.25,2,0.0
2582,2582,82.0,387.25,0.25,2,0.0
2583,2583,56.0,387.25,0.25,2,0.0
2584,2584,82.0,387.5,0.25,2,0.0
2585,2585,58.0,387.5,0.25,2,0.0
2586,2586,74.0,387.75,0.25,2,0.0
2587,2587,56.0,387.75,0.25,2,0.0
2588,2588,75.0,388.0,0.25,2,1.0
2589,2589,55.0,388.0,0.25,2,1.0
2590,2590,75.0,388.25,0.25,2,0.0
2591,2591,58.0,388.25,0.25,2,0.0
2592,2592,63.0,388.5,0.25,2,0.0
2593,2593,76.0,388.75,0.25,2,0.0
2594,2594,58.0,388.75,0.25,2,0.0
2595,2595,77.0,389.0,0.25,2,0.0
2596,2596,50.0,389.0,0.25,2,0.0
2597,2597,77.0,389.25,0.25,2,0.0
2598,2598,56.0,389.25,0.25,2,0.0
2599,2599,58.0,389.5,0.25,2,0.0
2600,2600,78.0,389.75,0.25,2,0.0
2601,2601,56.0,389.75,0.25,2,0.0
2602,2602,79.0,390.0,0.25,2,1.0
2603,2603,51.0,390.0,0.25,2,1.0
2604,2604,79.0,390.25,0.25,2,0.0
2605,2605,63.0,390.25,0.25,2,0.0
2606,2606,81.0,390.5,0.25,2,0.0
2607,2607,48.0,390.5,0.25,2,0.0
2608,2608,81.0,390.75,0.25,2,0.0
2609,2609,60.0,390.75,0.25,2,0.0
2610,2610,82.0,391.0,0.25,2,0.0
2611,2611,50.0,391.0,0.25,2,0.0
2612,2612,82.0,391.25,0.25,2,0.0
2613,2613,62.0,391.25,0.25,2,0.0
2614,2614,84.0,391.5,0.25,2,0.0
2615,2615,45.0,391.5,0.25,2,0.0
2616,2616,84.0,391.75,0.25,2,0.0
2617,2617,57.0,391.75,0.25,2,0.0
2618,2618,85.0,392.0,0.75,2,1.0
2619,2619,46.0,392.0,1.0,2,1.0
2620,2620,58.0,392.0,1.0,2,1.0
2621,2621,82.0,392.75,0.125,2,0.0
2622,2622,81.0,392.875,0.0625,2,0.0
2623,2623,82.0,392.9375,0.0625,2,0.0
2624,2624,85.0,393.0,0.75,2,0.0
2625,2625,42.0,393.0,1.0,2,0.0
2626,2626,54.0,393.0,1.0,2,0.0
2627,2627,82.0,393.75,0.125,2,0.0
2628,2628,81.0,393.875,0.0625,2,0.0
2629,2629,82.0,393.9375,0.0625,2,0.0
2630,2630,85.0,394.0,1.125,2,1.0
2631,2631,40.0,394.0,1.0,2,1.0
2632,2632,52.0,394.0,1.0,2,1.0
2633,2633,82.0,395.125,0.125,2,0.0
2634,2634,79.0,395.25,0.125,2,0.0
2635,2635,76.0,395.375,0.125,2,0.0
2636,2636,73.0,395.5,0.125,2,0.0
2637,2637,70.0,395.625,0.125,2,0.0
2638,2638,67.0,395.75,0.125,2,0.0
2639,2639,64.0,395.875,0.125,2,0.0
2640,2640,61.0,396.0,0.125,2,1.0
2641,2641,58.0,396.125,0.125,2,0.0
2642,2642,55.0,396.25,0.125,2,0.0
2643,2643,52.0,396.375,0.125,2,0.0
2644,2644,49.0,396.5,0.125,2,0.0
2645,2645,46.0,396.625,0.125,2,0.0
2646,2646,43.0,396.75,0.125,2,0.0
2647,2647,40.0,396.875,0.25,2,0.0
2648,2648,53.0,397.0,1.0,2,0.0
2649,2649,29.0,397.0,1.0,2,0.0
2650,2650,41.0,397.0,1.0,2,0.0
2651,2651,53.0,398.0,0.03125,2,1.0
2652,2652,57.0,398.03125,0.03125,2,0.0
2653,2653,55.0,398.0625,0.03125,2,0.0
2654,2654,53.0,398.09375,0.03125,2,0.0
2655,2655,55.0,398.125,0.03125,2,0.0
2656,2656,57.0,398.15625,0.03125,2,0.0
2657,2657,58.0,398.1875,0.03125,2,0.0
2658,2658,60.0,398.21875,0.03125,2,0.0
2659,2659,62.0,398.25,0.03125,2,0.0
2660,2660,63.0,398.28125,0.03125,2,0.0
2661,2661,65.0,398.3125,0.03125,2,0.0
2662,2662,67.0,398.34375,0.03125,2,0.0
2663,2663,69.0,398.375,0.03125,2,0.0
2664,2664,70.0,398.40625,0.03125,2,0.0
2665,2665,72.0,398.4375,0.03125,2,0.0
2666,2666,74.0,398.46875,0.03125,2,0.0
2667,2667,75.0,398.5,0.03125,2,0.0
2668,2668,77.0,398.53125,0.03125,2,0.0
2669,2669,79.0,398.5625,0.03125,2,0.0
2670,2670,81.0,398.59375,0.03125,2,0.0
2671,2671,82.0,398.625,0.03125,2,0.0
2672,2672,84.0,398.65625,0.03125,2,0.0
2673,2673,86.0,398.6875,0.03125,2,0.0
2674,2674,87.0,398.71875,0.03125,2,0.0
2675,2675,89.0,398.75,0.25,2,0.0
2676,2676,70.0,399.1875,0.0625,2,0.0
2677,2677,72.0,399.25,2.0,2,0.0
2678,2678,70.0,399.25,0.0,2,0.0
2679,2679,72.0,399.25,0.0,2,0.0
2680,2680,74.0,399.25,0.0,2,0.0
2681,2681,53.0,401.0,1.5,2,0.0
2682,2682,57.0,401.0,1.5,2,0.0
2683,2683,60.0,401.0,1.5,2,0.0
2684,2684,63.0,401.0,1.5,2,0.0
2685,2685,71.0,401.25,0.0625,2,0.0
2686,2686,72.0,401.3125,0.0625,2,0.0
2687,2687,74.0,401.375,0.0625,2,0.0
2688,2688,75.0,401.4375,0.0625,2,0.0
2689,2689,77.0,401.5,0.0625,2,0.0
2690,2690,79.0,401.5625,0.0625,2,0.0
2691,2691,81.0,401.625,0.0625,2,0.0
2692,2692,82.0,401.6875,0.0625,2,0.0
2693,2693,84.0,401.75,0.0625,2,0.0
2694,2694,86.0,401.8125,0.0625,2,0.0
2695,2695,87.0,401.875,0.0625,2,0.0
2696,2696,86.0,401.9375,0.0625,2,0.0
2697,2697,89.0,402.0,0.125,2,1.0
2698,2698,87.0,402.125,0.125,2,0.0
2699,2699,86.0,402.25,0.125,2,0.0
2700,2700,84.0,402.375,0.125,2,0.0
2701,2701,87.0,402.5,0.125,2,0.0
2702,2702,86.0,402.625,0.125,2,0.0
2703,2703,84.0,402.75,0.125,2,0.0
2704,2704,82.0,402.875,0.125,2,0.0
2705,2705,86.0,403.0,0.125,2,0.0
2706,2706,84.0,403.125,0.125,2,0.0
2707,2707,82.0,403.25,0.125,2,0.0
2708,2708,81.0,403.375,0.125,2,0.0
2709,2709,84.0,403.5,0.125,2,0.0
2710,2710,82.0,403.625,0.125,2,0.0
2711,2711,81.0,403.75,0.125,2,0.0
2712,2712,79.0,403.875,0.125,2,0.0
2713,2713,82.0,404.0,0.25,2,1.0
2714,2714,81.0,404.25,0.25,2,0.0
2715,2715,79.0,404.5,0.25,2,0.0
2716,2716,77.0,404.75,0.25,2,0.0
2717,2717,81.0,405.0,0.25,2,0.0
2718,2718,79.0,405.25,0.25,2,0.0
2719,2719,77.0,405.5,0.25,2,0.0
2720,2720,75.0,405.75,0.25,2,0.0
2721,2721,79.0,406.0,0.25,2,1.0
2722,2722,77.0,406.25,0.25,2,0.0
2723,2723,75.0,406.5,0.25,2,0.0
2724,2724,74.0,406.75,0.25,2,0.0
2725,2725,77.0,407.0,0.5,2,0.0
2726,2726,75.0,407.5,0.5,2,0.0
2727,2727,74.0,408.0,0.5,2,1.0
2728,2728,72.0,408.5,0.5,2,0.0
2729,2729,71.0,409.0,0.25,2,0.0
2730,2730,72.0,409.25,0.25,2,0.0
2731,2731,73.0,409.5,0.25,2,0.0
2732,2732,74.0,409.75,0.25,2,0.0
2733,2733,75.0,410.0,0.25,2,1.0
2734,2734,76.0,410.25,0.25,2,0.0
2735,2735,77.0,410.5,0.75,2,0.0
2736,2736,58.0,411.0,0.5,2,0.0
2737,2737,74.0,411.25,0.25,2,0.0
2738,2738,70.0,411.5,0.5,2,0.0
2739,2739,62.0,411.5,0.5,2,0.0
2740,2740,70.0,412.0,0.5,2,1.0
2741,2741,67.0,412.0,0.5,2,1.0
2742,2742,75.0,412.5,0.5,2,0.0
2743,2743,60.0,412.5,0.5,2,0.0
2744,2744,79.0,413.0,0.5,2,0.0
2745,2745,63.0,413.0,0.5,2,0.0
2746,2746,69.0,413.5,0.5,2,0.0
2747,2747,65.0,413.5,0.5,2,0.0
2748,2748,63.0,414.0,0.5,2,1.0
2749,2749,69.0,414.25,0.25,2,0.0
2750,2750,72.0,414.5,0.25,2,0.0
2751,2751,62.0,414.5,0.5,2,0.0
2752,2752,70.0,414.75,0.25,2,0.0
2753,2753,74.0,415.0,0.25,2,0.0
2754,2754,65.0,415.0,1.0,2,0.0
2755,2755,57.0,415.0,0.5,2,0.0
2756,2756,72.0,415.25,0.25,2,0.0
2757,2757,75.0,415.5,0.25,2,0.0
2758,2758,58.0,415.5,0.5,2,0.0
2759,2759,74.0,415.75,0.25,2,0.0
2760,2760,77.0,416.0,0.25,2,1.0
2761,2761,60.0,416.0,0.5,2,1.0
2762,2762,51.0,416.0,0.5,2,1.0
2763,2763,75.0,416.25,0.25,2,0.0
2764,2764,74.0,416.5,0.75,2,0.0
2765,2765,53.0,416.5,1.5,2,0.0
2766,2766,58.0,416.5,1.0,2,0.0
2767,2767,75.0,417.25,0.125,2,0.0
2768,2768,74.0,417.375,0.125,2,0.0
2769,2769,72.0,417.5,0.25,2,0.0
2770,2770,57.0,417.5,0.5,2,0.0
2771,2771,74.0,417.75,0.25,2,0.0
2772,2772,75.0,418.0,0.25,2,1.0
2773,2773,76.0,418.25,0.25,2,0.0
2774,2774,77.0,418.5,0.75,2,0.0
2775,2775,46.0,418.5,0.25,2,0.0
2776,2776,58.0,418.75,0.25,2,0.0
2777,2777,62.0,419.0,0.25,2,0.0
2778,2778,75.0,419.25,0.083333336,2,0.0
2779,2779,58.0,419.25,0.25,2,0.0
2780,2780,74.0,419.33334,0.083333336,2,0.0
2781,2781,72.0,419.41666,0.083333336,2,0.0
2782,2782,70.0,419.5,0.25,2,0.0
2783,2783,43.0,419.5,0.25,2,0.0
2784,2784,70.0,419.75,0.25,2,0.0
2785,2785,55.0,419.75,0.25,2,0.0
2786,2786,70.0,420.0,0.25,2,1.0
2787,2787,58.0,420.0,0.25,2,1.0
2788,2788,70.0,420.25,0.25,2,0.0
2789,2789,55.0,420.25,0.25,2,0.0
2790,2790,75.0,420.5,0.5,2,0.0
2791,2791,36.0,420.5,0.25,2,0.0
2792,2792,48.0,420.75,0.25,2,0.0
2793,2793,79.0,421.0,0.5,2,0.0
2794,2794,51.0,421.0,0.25,2,0.0
2795,2795,77.0,421.0,0.0,2,0.0
2796,2796,75.0,421.0,0.0,2,0.0
2797,2797,74.0,421.0,0.0,2,0.0
2798,2798,75.0,421.0,0.0,2,0.0
2799,2799,48.0,421.25,0.25,2,0.0
2800,2800,69.0,421.5,0.5,2,0.0
2801,2801,41.0,421.5,0.25,2,0.0
2802,2802,53.0,421.75,0.25,2,0.0
2803,2803,57.0,422.0,0.25,2,1.0
2804,2804,77.0,422.25,0.25,2,0.0
2805,2805,53.0,422.25,0.25,2,0.0
2806,2806,74.0,422.5,0.16666667,2,0.0
2807,2807,58.0,422.5,0.5,2,0.0
2808,2808,77.0,422.66666,0.16666667,2,0.0
2809,2809,82.0,422.83334,0.16666667,2,0.0
2810,2810,79.0,423.0,0.16666667,2,0.0
2811,2811,51.0,423.0,0.5,2,0.0
2812,2812,75.0,423.16666,0.16666667,2,0.0
2813,2813,72.0,423.33334,0.16666667,2,0.0
2814,2814,77.0,423.5,0.16666667,2,0.0
2815,2815,53.0,423.5,0.5,2,0.0
2816,2816,74.0,423.66666,0.16666667,2,0.0
2817,2817,70.0,423.83334,0.16666667,2,0.0
2818,2818,75.0,424.0,0.16666667,2,1.0
2819,2819,41.0,424.0,0.5,2,1.0
2820,2820,72.0,424.16666,0.16666667,2,0.0
2821,2821,69.0,424.33334,0.16666667,2,0.0
2822,2822,70.0,424.5,0.16666667,2,0.0
2823,2823,50.0,424.5,0.5,2,0.0
2824,2824,58.0,424.5,0.5,2,0.0
2825,2825,82.0,424.66666,0.16666667,2,0.0
2826,2826,82.0,424.83334,0.16666667,2,0.0
2827,2827,82.0,425.0,0.16666667,2,0.0
2828,2828,82.0,425.16666,0.16666667,2,0.0
2829,2829,82.0,425.33334,0.16666667,2,0.0
2830,2830,82.0,425.5,0.16666667,2,0.0
2831,2831,81.0,425.66666,0.16666667,2,0.0
2832,2832,79.0,425.83334,0.16666667,2,0.0
2833,2833,77.0,426.0,0.16666667,2,1.0
2834,2834,50.0,426.0,0.5,2,1.0
2835,2835,58.0,426.0,0.5,2,1.0
2836,2836,75.0,426.16666,0.16666667,2,0.0
2837,2837,74.0,426.33334,0.16666667,2,0.0
2838,2838,72.0,426.5,0.16666667,2,0.0
2839,2839,51.0,426.5,0.5,2,0.0
2840,2840,58.0,426.5,0.5,2,0.0
2841,2841,79.0,426.66666,0.16666667,2,0.0
2842,2842,79.0,426.83334,0.16666667,2,0.0
2843,2843,79.0,427.0,0.16666667,2,0.0
2844,2844,79.0,427.16666,0.16666667,2,0.0
2845,2845,79.0,427.33334,0.16666667,2,0.0
2846,2846,79.0,427.5,0.16666667,2,0.0
2847,2847,77.0,427.66666,0.16666667,2,0.0
2848,2848,75.0,427.83334,0.16666667,2,0.0
2849,2849,74.0,428.0,0.16666667,2,1.0
2850,2850,51.0,428.0,0.5,2,1.0
2851,2851,57.0,428.0,0.5,2,1.0
2852,2852,75.0,428.16666,0.16666667,2,0.0
2853,2853,72.0,428.33334,0.16666667,2,0.0
2854,2854,76.0,428.5,0.125,2,0.0
2855,2855,58.0,428.5,1.5,2,0.0
2856,2856,50.0,428.5,0.5,2,0.0
2857,2857,77.0,428.625,0.125,2,0.0
2858,2858,79.0,428.75,0.125,2,0.0
2859,2859,77.0,428.875,0.125,2,0.0
2860,2860,75.0,429.0,0.125,2,0.0
2861,2861,55.0,429.0,0.5,2,0.0
2862,2862,74.0,429.125,0.125,2,0.0
2863,2863,72.0,429.25,0.125,2,0.0
2864,2864,70.0,429.375,0.125,2,0.0
2865,2865,72.0,429.5,1.0,2,0.0
2866,2866,51.0,429.5,0.5,2,0.0
2867,2867,57.0,430.0,0.5,2,1.0
2868,2868,53.0,430.0,0.5,2,1.0
2869,2869,70.0,430.5,0.25,2,0.0
2870,2870,58.0,430.5,0.5,2,0.0
2871,2871,50.0,430.5,0.5,2,0.0
2872,2872,70.0,430.5,0.0,2,0.0
2873,2873,72.0,430.5,0.0,2,0.0
2874,2874,82.0,430.75,0.125,2,0.0
2875,2875,81.0,430.875,0.125,2,0.0
2876,2876,82.0,431.0,0.125,2,0.0
2877,2877,81.0,431.125,0.125,2,0.0
2878,2878,82.0,431.25,0.125,2,0.0
2879,2879,81.0,431.375,0.125,2,0.0
2880,2880,82.0,431.5,0.125,2,0.0
2881,2881,81.0,431.625,0.125,2,0.0
2882,2882,79.0,431.75,0.125,2,0.0
2883,2883,77.0,431.875,0.125,2,0.0
2884,2884,75.0,432.0,0.125,2,1.0
2885,2885,58.0,432.0,0.5,2,1.0
2886,2886,50.0,432.0,0.5,2,1.0
2887,2887,74.0,432.125,0.125,2,0.0
2888,2888,72.0,432.25,0.125,2,0.0
2889,2889,70.0,432.375,0.125,2,0.0
2890,2890,67.0,432.5,0.25,2,0.0
2891,2891,51.0,432.5,0.5,2,0.0
2892,2892,58.0,432.5,0.5,2,0.0
2893,2893,79.0,432.75,0.125,2,0.0
2894,2894,78.0,432.875,0.125,2,0.0
2895,2895,79.0,433.0,0.125,2,0.0
2896,2896,78.0,433.125,0.125,2,0.0
2897,2897,79.0,433.25,0.125,2,0.0
2898,2898,78.0,433.375,0.125,2,0.0
2899,2899,79.0,433.5,0.125,2,0.0
2900,2900,77.0,433.625,0.125,2,0.0
2901,2901,75.0,433.75,0.125,2,0.0
2902,2902,74.0,433.875,0.125,2,0.0
2903,2903,72.0,434.0,0.125,2,1.0
2904,2904,51.0,434.0,0.5,2,1.0
2905,2905,60.0,434.0,0.5,2,1.0
2906,2906,70.0,434.125,0.125,2,0.0
2907,2907,69.0,434.25,0.125,2,0.0
2908,2908,67.0,434.375,0.125,2,0.0
2909,2909,65.0,434.5,0.25,2,0.0
2910,2910,53.0,434.5,0.25,2,0.0
2911,2911,67.0,434.75,0.125,2,0.0
2912,2912,62.0,434.75,0.25,2,0.0
2913,2913,69.0,434.875,0.125,2,0.0
2914,2914,70.0,435.0,0.125,2,0.0
2915,2915,58.0,435.0,0.25,2,0.0
2916,2916,72.0,435.125,0.125,2,0.0
2917,2917,74.0,435.25,0.125,2,0.0
2918,2918,62.0,435.25,0.25,2,0.0
2919,2919,75.0,435.375,0.125,2,0.0
2920,2920,77.0,435.5,0.125,2,0.0
2921,2921,53.0,435.5,0.25,2,0.0
2922,2922,79.0,435.625,0.125,2,0.0
2923,2923,81.0,435.75,0.125,2,0.0
2924,2924,62.0,435.75,0.25,2,0.0
2925,2925,82.0,435.875,0.125,2,0.0
2926,2926,84.0,436.0,0.125,2,1.0
2927,2927,58.0,436.0,0.25,2,1.0
2928,2928,86.0,436.125,0.125,2,0.0
2929,2929,87.0,436.25,0.125,2,0.0
2930,2930,62.0,436.25,0.25,2,0.0
2931,2931,89.0,436.375,0.125,2,0.0
2932,2932,84.0,436.5,2.0,2,0.0
2933,2933,53.0,436.5,0.25,2,0.0
2934,2934,63.0,436.75,0.25,2,0.0
2935,2935,57.0,437.0,0.25,2,0.0
2936,2936,63.0,437.25,0.25,2,0.0
2937,2937,53.0,437.5,0.25,2,0.0
2938,2938,63.0,437.75,0.25,2,0.0
2939,2939,57.0,438.0,0.25,2,1.0
2940,2940,63.0,438.25,0.25,2,0.0
2941,2941,82.0,438.5,0.5,2,0.0
2942,2942,62.0,438.5,0.25,2,0.0
2943,2943,82.0,438.5,0.0,2,0.0
2944,2944,84.0,438.5,0.0,2,0.0
2945,2945,58.0,438.75,0.25,2,0.0
2946,2946,62.0,439.0,0.25,2,0.0
2947,2947,58.0,439.25,0.25,2,0.0
2948,2948,62.0,439.5,0.25,2,0.0
2949,2949,58.0,439.75,0.25,2,0.0
2950,2950,62.0,440.0,0.25,2,1.0
2951,2951,70.0,440.25,0.25,2,0.0
2952,2952,58.0,440.25,0.25,2,0.0
2953,2953,80.0,440.5,0.75,2,0.0
2954,2954,65.0,440.5,0.25,2,0.0
2955,2955,58.0,440.75,0.25,2,0.0
2956,2956,65.0,441.0,0.25,2,0.0
2957,2957,77.0,441.25,0.25,2,0.0
2958,2958,58.0,441.25,0.25,2,0.0
2959,2959,74.0,441.5,0.5,2,0.0
2960,2960,68.0,441.5,0.25,2,0.0
2961,2961,58.0,441.75,0.25,2,0.0
2962,2962,74.0,442.0,0.5,2,1.0
2963,2963,68.0,442.0,0.25,2,1.0
2964,2964,58.0,442.25,0.25,2,0.0
2965,2965,75.0,442.5,0.5,2,0.0
2966,2966,67.0,442.5,0.25,2,0.0
2967,2967,58.0,442.75,0.25,2,0.0
2968,2968,77.0,443.0,0.5,2,0.0
2969,2969,62.0,443.0,0.25,2,0.0
2970,2970,58.0,443.25,0.25,2,0.0
2971,2971,79.0,443.5,0.5,2,0.0
2972,2972,63.0,443.5,0.25,2,0.0
2973,2973,58.0,443.75,0.25,2,0.0
2974,2974,63.0,444.0,0.25,2,1.0
2975,2975,79.0,444.25,0.25,2,0.0
2976,2976,58.0,444.25,0.25,2,0.0
2977,2977,77.0,444.5,0.25,2,0.0
2978,2978,60.0,444.5,0.25,2,0.0
2979,2979,75.0,444.75,0.25,2,0.0
2980,2980,58.0,444.75,0.25,2,0.0
2981,2981,74.0,445.0,0.25,2,0.0
2982,2982,60.0,445.0,0.25,2,0.0
2983,2983,72.0,445.25,0.25,2,0.0
2984,2984,58.0,445.25,0.25,2,0.0
2985,2985,70.0,445.5,0.25,2,0.0
2986,2986,60.0,445.5,0.25,2,0.0
2987,2987,69.0,445.75,0.25,2,0.0
2988,2988,58.0,445.75,0.25,2,0.0
2989,2989,75.0,446.0,0.25,2,1.0
2990,2990,60.0,446.0,0.25,2,1.0
2991,2991,69.0,446.25,0.25,2,0.0
2992,2992,58.0,446.25,0.25,2,0.0
2993,2993,70.0,446.5,0.25,2,0.0
2994,2994,58.0,446.5,0.5,2,0.0
2995,2995,62.0,446.5,0.5,2,0.0
2996,2996,72.0,446.75,0.25,2,0.0
2997,2997,74.0,447.0,0.25,2,0.0
2998,2998,75.0,447.25,0.25,2,0.0
2999,2999,76.0,447.5,0.25,2,0.0
3000,3000,77.0,447.75,0.25,2,0.0
3001,3001,78.0,448.0,0.25,2,1.0
3002,3002,79.0,448.25,0.25,2,0.0
3003,3003,80.0,448.5,0.75,2,0.0
3004,3004,65.0,448.5,0.25,2,0.0
3005,3005,58.0,448.75,0.25,2,0.0
3006,3006,65.0,449.0,0.25,2,0.0
3007,3007,79.0,449.25,0.083333336,2,0.0
3008,3008,58.0,449.25,0.25,2,0.0
3009,3009,77.0,449.33334,0.083333336,2,0.0
3010,3010,75.0,449.41666,0.083333336,2,0.0
3011,3011,74.0,449.5,0.25,2,0.0
3012,3012,68.0,449.5,0.25,2,0.0
3013,3013,74.0,449.75,0.25,2,0.0
3014,3014,58.0,449.75,0.25,2,0.0
3015,3015,74.0,450.0,0.25,2,1.0
3016,3016,68.0,450.0,0.25,2,1.0
3017,3017,74.0,450.25,0.25,2,0.0
3018,3018,58.0,450.25,0.25,2,0.0
3019,3019,75.0,450.5,0.5,2,0.0
3020,3020,67.0,450.5,0.25,2,0.0
3021,3021,58.0,450.75,0.25,2,0.0
3022,3022,77.0,451.0,0.375,2,0.0
3023,3023,62.0,451.0,0.25,2,0.0
3024,3024,58.0,451.25,0.25,2,0.0
3025,3025,75.0,451.375,0.0625,2,0.0
3026,3026,77.0,451.4375,0.0625,2,0.0
3027,3027,79.0,451.5,0.5,2,0.0
3028,3028,63.0,451.5,0.25,2,0.0
3029,3029,58.0,451.75,0.25,2,0.0
3030,3030,63.0,452.0,0.25,2,1.0
3031,3031,79.0,452.25,0.25,2,0.0
3032,3032,58.0,452.25,0.25,2,0.0
3033,3033,77.0,452.5,0.25,2,0.0
3034,3034,60.0,452.5,0.25,2,0.0
3035,3035,75.0,452.75,0.25,2,0.0
3036,3036,58.0,452.75,0.25,2,0.0
3037,3037,74.0,453.0,0.25,2,0.0
3038,3038,60.0,453.0,0.25,2,0.0
3039,3039,72.0,453.25,0.25,2,0.0
3040,3040,58.0,453.25,0.25,2,0.0
3041,3041,70.0,453.5,0.25,2,0.0
3042,3042,60.0,453.5,0.25,2,0.0
3043,3043,69.0,453.75,0.25,2,0.0
3044,3044,58.0,453.75,0.25,2,0.0
3045,3045,75.0,454.0,0.25,2,1.0
3046,3046,60.0,454.0,0.25,2,1.0
3047,3047,69.0,454.25,0.25,2,0.0
3048,3048,58.0,454.25,0.25,2,0.0
3049,3049,70.0,454.5,0.5,2,0.0
3050,3050,62.0,454.5,0.5,2,0.0
3051,3051,58.0,454.5,0.5,2,0.0
3052,3052,74.0,455.25,0.25,2,0.0
3053,3053,77.0,455.5,0.25,2,0.0
3054,3054,60.0,455.5,0.5,2,0.0
3055,3055,53.0,455.5,1.0,2,0.0
3056,3056,75.0,455.75,0.25,2,0.0
3057,3057,72.0,456.0,0.25,2,1.0
3058,3058,63.0,456.0,0.5,2,1.0
3059,3059,69.0,456.25,0.25,2,0.0
3060,3060,70.0,456.5,0.5,2,0.0
3061,3061,58.0,456.5,0.5,2,0.0
3062,3062,62.0,456.5,0.5,2,0.0
3063,3063,74.0,457.25,0.125,2,0.0
3064,3064,70.0,457.375,0.125,2,0.0
3065,3065,77.0,457.5,0.25,2,0.0
3066,3066,60.0,457.5,0.5,2,0.0
3067,3067,53.0,457.5,1.0,2,0.0
3068,3068,75.0,457.75,0.25,2,0.0
3069,3069,72.0,458.0,0.25,2,1.0
3070,3070,63.0,458.0,0.5,2,1.0
3071,3071,69.0,458.25,0.25,2,0.0
3072,3072,70.0,458.5,0.5,2,0.0
3073,3073,58.0,458.5,0.5,2,0.0
3074,3074,62.0,458.5,0.5,2,0.0
3075,3075,77.0,459.25,0.25,2,0.0
3076,3076,72.0,459.5,0.5,2,0.0
3077,3077,75.0,459.5,0.5,2,0.0
3078,3078,77.0,459.5,0.5,2,0.0
3079,3079,81.0,459.5,0.5,2,0.0
3080,3080,41.0,459.5,0.5,2,0.0
3081,3081,53.0,459.5,0.5,2,0.0
3082,3082,72.0,460.0,0.5,2,1.0
3083,3083,75.0,460.0,0.5,2,1.0
3084,3084,77.0,460.0,0.5,2,1.0
3085,3085,81.0,460.0,0.5,2,1.0
3086,3086,41.0,460.0,0.5,2,1.0
3087,3087,53.0,460.0,0.5,2,1.0
3088,3088,74.0,460.5,0.5,2,0.0
3089,3089,77.0,460.5,0.5,2,0.0
3090,3090,82.0,460.5,0.5,2,0.0
3091,3091,34.0,460.5,0.5,2,0.0
3092,3092,46.0,460.5,0.5,2,0.0
3093,3093,0.0,126.5,0.375,2,0.0
3094,3094,0.0,172.5,0.5,2,0.0
3095,3095,0.0,173.0,0.5,2,0.0
3096,3096,0.0,173.5,0.25,2,0.0
3097,3097,0.0,176.5,0.5,2,0.0
3098,3098,0.0,177.0,0.5,2,0.0
3099,3099,0.0,177.5,0.25,2,0.0
3100,3100,0.0,183.5,0.25,2,0.0
3101,3101,0.0,191.5,0.25,2,0.0
3102,3102,0.0,266.5,0.25,2,0.0
3103,3103,0.0,341.0,0.25,2,0.0
3104,3104,0.0,399.0,0.1875,2,0.0
3105,3105,0.0,455.0,0.25,2,0.0
3106,3106,0.0,457.0,0.25,2,0.0
3107,3107,0.0,459.0,0.25,2,0.0
