,src,dst
0,0,1
1,0,2
2,1,2
3,1,3
4,2,1
5,2,3
6,3,4
7,3,5
8,4,5
9,4,6
10,5,4
11,5,6
12,6,7
13,6,8
14,7,8
15,7,9
16,8,7
17,8,10
18,8,11
19,8,9
20,9,10
21,9,11
22,10,11
23,10,12
24,10,13
25,11,10
26,11,12
27,11,13
28,12,13
29,12,14
30,12,15
31,12,16
32,13,12
33,13,14
34,13,15
35,13,16
36,14,15
37,14,16
38,14,17
39,14,18
40,15,14
41,15,16
42,15,17
43,15,18
44,16,14
45,16,15
46,16,14
47,16,15
48,16,16
49,17,18
50,17,19
51,17,20
52,18,17
53,18,19
54,18,20
55,19,20
56,19,21
57,19,22
58,20,19
59,20,21
60,20,22
61,21,22
62,21,23
63,21,24
64,22,21
65,22,23
66,22,24
67,23,24
68,23,25
69,24,23
70,24,26
71,24,27
72,24,25
73,25,26
74,25,27
75,26,27
76,26,28
77,26,29
78,27,26
79,27,28
80,27,29
81,28,29
82,28,30
83,28,31
84,29,28
85,29,30
86,29,31
87,30,31
88,30,32
89,30,33
90,31,30
91,31,32
92,31,33
93,32,33
94,32,34
95,33,32
96,33,35
97,33,36
98,33,34
99,34,35
100,34,36
101,35,36
102,35,37
103,35,38
104,36,35
105,36,37
106,36,38
107,37,38
108,37,39
109,37,40
110,38,37
111,38,39
112,38,40
113,39,40
114,39,41
115,40,39
116,40,42
117,40,43
118,40,41
119,41,42
120,41,43
121,42,43
122,42,44
123,42,45
124,43,42
125,43,44
126,43,45
127,44,45
128,44,46
129,44,47
130,45,44
131,45,46
132,45,47
133,46,47
134,46,48
135,46,49
136,47,46
137,47,48
138,47,49
139,48,49
140,48,50
141,48,51
142,48,52
143,49,48
144,49,50
145,49,51
146,49,52
147,50,51
148,50,52
149,50,53
150,50,54
151,50,55
152,51,50
153,51,52
154,51,53
155,51,54
156,51,55
157,52,50
158,52,51
159,52,53
160,52,54
161,52,55
162,53,54
163,53,55
164,53,56
165,53,57
166,54,53
167,54,55
168,54,56
169,54,57
170,55,53
171,55,54
172,55,56
173,55,57
174,56,57
175,56,58
176,57,56
177,57,58
178,58,59
179,59,60
180,59,61
181,60,61
182,60,62
183,61,60
184,61,62
185,62,63
186,62,64
187,63,64
188,63,65
189,64,63
190,64,65
191,65,66
192,65,67
193,66,67
194,66,68
195,67,66
196,67,69
197,67,70
198,67,68
199,68,69
200,68,70
201,69,70
202,69,71
203,69,72
204,70,69
205,70,71
206,70,72
207,71,72
208,71,73
209,71,74
210,71,75
211,72,71
212,72,73
213,72,74
214,72,75
215,73,74
216,73,75
217,73,76
218,73,77
219,74,73
220,74,75
221,74,76
222,74,77
223,75,73
224,75,74
225,75,73
226,75,74
227,75,75
228,76,77
229,76,78
230,76,79
231,77,76
232,77,78
233,77,79
234,78,79
235,78,80
236,78,81
237,79,78
238,79,80
239,79,81
240,80,81
241,80,82
242,80,83
243,81,80
244,81,82
245,81,83
246,82,83
247,82,84
248,83,82
249,83,85
250,83,86
251,83,84
252,84,85
253,84,86
254,85,86
255,85,87
256,85,88
257,86,85
258,86,87
259,86,88
260,87,88
261,87,89
262,87,90
263,88,87
264,88,89
265,88,90
266,89,90
267,89,92
268,89,91
269,90,89
270,90,91
271,91,92
272,92,93
273,93,94
274,93,95
275,93,96
276,94,95
277,94,96
278,94,98
279,94,97
280,95,94
281,95,96
282,95,98
283,95,97
284,96,94
285,96,95
286,96,97
287,97,98
288,98,99
289,99,100
290,99,101
291,99,102
292,100,101
293,100,102
294,100,109
295,100,110
296,100,111
297,100,103
298,100,104
299,100,105
300,100,106
301,100,107
302,100,108
303,101,100
304,101,102
305,101,104
306,101,105
307,101,103
308,102,100
309,102,101
310,102,103
311,103,104
312,103,105
313,104,105
314,104,109
315,104,110
316,104,111
317,104,106
318,104,107
319,104,108
320,105,104
321,105,106
322,106,107
323,107,108
324,108,109
325,108,110
326,108,111
327,109,110
328,109,111
329,109,1359
330,110,109
331,110,111
332,110,1359
333,111,109
334,111,110
335,111,1359
336,112,113
337,113,114
338,113,115
339,114,115
340,114,116
341,115,114
342,115,116
343,116,117
344,116,118
345,117,118
346,117,119
347,118,117
348,118,119
349,119,120
350,119,121
351,120,121
352,120,122
353,120,123
354,121,120
355,121,122
356,121,123
357,122,123
358,122,124
359,123,122
360,123,125
361,123,126
362,123,124
363,124,125
364,124,126
365,125,126
366,125,127
367,126,125
368,126,128
369,126,127
370,127,130
371,127,131
372,127,128
373,127,129
374,128,129
375,129,130
376,129,131
377,130,131
378,130,132
379,130,133
380,131,130
381,131,132
382,131,133
383,132,133
384,132,136
385,132,134
386,132,135
387,133,132
388,133,134
389,134,135
390,135,136
391,136,137
392,137,138
393,138,139
394,138,140
395,139,140
396,139,141
397,140,139
398,140,141
399,141,142
400,141,143
401,142,143
402,142,144
403,143,142
404,143,144
405,144,145
406,144,146
407,145,146
408,145,147
409,145,148
410,146,145
411,146,147
412,146,148
413,147,148
414,147,149
415,148,147
416,148,150
417,148,151
418,148,149
419,149,150
420,149,151
421,150,151
422,150,152
423,150,153
424,151,150
425,151,152
426,151,153
427,152,153
428,152,157
429,152,158
430,152,159
431,152,154
432,152,155
433,152,156
434,153,152
435,153,157
436,153,158
437,153,159
438,153,154
439,153,155
440,153,156
441,154,155
442,155,156
443,156,157
444,156,158
445,156,159
446,157,158
447,157,159
448,157,161
449,157,160
450,158,157
451,158,159
452,158,161
453,158,160
454,159,157
455,159,158
456,159,160
457,160,161
458,161,162
459,162,163
460,162,164
461,163,164
462,163,171
463,163,172
464,163,173
465,163,165
466,163,166
467,163,167
468,163,168
469,163,169
470,163,170
471,164,163
472,164,171
473,164,172
474,164,173
475,164,165
476,164,166
477,164,167
478,164,168
479,164,169
480,164,170
481,165,166
482,166,167
483,167,168
484,168,169
485,169,170
486,170,171
487,170,172
488,170,173
489,171,172
490,171,173
491,171,177
492,171,174
493,171,175
494,171,176
495,172,171
496,172,173
497,172,177
498,172,174
499,172,175
500,172,176
501,173,171
502,173,172
503,173,174
504,174,175
505,175,176
506,176,177
507,177,178
508,178,179
509,178,180
510,178,1360
511,179,180
512,179,188
513,179,189
514,179,190
515,179,181
516,179,182
517,179,183
518,179,184
519,179,185
520,179,186
521,179,187
522,180,179
523,180,188
524,180,189
525,180,190
526,180,181
527,180,182
528,180,183
529,180,184
530,180,185
531,180,186
532,180,187
533,181,182
534,182,183
535,183,184
536,184,185
537,185,186
538,186,187
539,187,188
540,187,189
541,187,190
542,188,189
543,188,190
544,188,194
545,188,191
546,188,192
547,188,193
548,189,188
549,189,190
550,189,194
551,189,191
552,189,192
553,189,193
554,190,188
555,190,189
556,190,191
557,191,192
558,192,193
559,193,194
560,194,195
561,195,196
562,196,197
563,197,198
564,197,199
565,198,199
566,198,200
567,199,198
568,199,200
569,200,201
570,200,202
571,201,202
572,201,203
573,202,201
574,202,203
575,203,204
576,203,205
577,204,205
578,204,206
579,205,204
580,205,207
581,205,208
582,205,206
583,206,207
584,206,208
585,207,208
586,207,209
587,207,210
588,208,207
589,208,209
590,208,210
591,209,210
592,209,211
593,209,212
594,209,213
595,210,209
596,210,211
597,210,212
598,210,213
599,211,212
600,211,213
601,211,214
602,211,215
603,212,211
604,212,213
605,212,214
606,212,215
607,213,211
608,213,212
609,213,211
610,213,212
611,213,213
612,214,215
613,214,216
614,214,217
615,215,214
616,215,216
617,215,217
618,216,217
619,216,218
620,216,219
621,217,216
622,217,218
623,217,219
624,218,219
625,218,220
626,218,221
627,219,218
628,219,220
629,219,221
630,220,221
631,220,222
632,221,220
633,221,223
634,221,224
635,221,222
636,222,223
637,222,224
638,223,224
639,223,225
640,223,226
641,224,223
642,224,225
643,224,226
644,225,226
645,225,227
646,225,228
647,226,225
648,226,227
649,226,228
650,227,228
651,227,229
652,227,230
653,228,227
654,228,229
655,228,230
656,229,230
657,229,231
658,230,229
659,230,232
660,230,233
661,230,231
662,231,232
663,231,233
664,232,233
665,232,234
666,232,235
667,233,232
668,233,234
669,233,235
670,234,235
671,234,236
672,234,237
673,235,234
674,235,236
675,235,237
676,236,237
677,236,238
678,237,236
679,237,239
680,237,240
681,237,238
682,238,239
683,238,240
684,239,240
685,239,241
686,239,242
687,240,239
688,240,241
689,240,242
690,241,242
691,241,243
692,241,244
693,242,241
694,242,243
695,242,244
696,243,244
697,243,245
698,243,246
699,244,243
700,244,245
701,244,246
702,245,246
703,245,247
704,245,248
705,245,249
706,246,245
707,246,247
708,246,248
709,246,249
710,247,248
711,247,249
712,247,250
713,247,251
714,247,252
715,248,247
716,248,249
717,248,250
718,248,251
719,248,252
720,249,247
721,249,248
722,249,250
723,249,251
724,249,252
725,250,251
726,250,252
727,250,253
728,250,254
729,251,250
730,251,252
731,251,253
732,251,254
733,252,250
734,252,251
735,252,253
736,252,254
737,253,254
738,253,255
739,254,253
740,254,255
741,255,256
742,256,257
743,256,258
744,257,258
745,257,259
746,258,257
747,258,259
748,259,260
749,259,261
750,260,261
751,260,262
752,261,260
753,261,262
754,262,263
755,262,264
756,263,264
757,263,265
758,264,263
759,264,266
760,264,267
761,264,265
762,265,266
763,265,267
764,266,267
765,266,268
766,266,269
767,267,266
768,267,268
769,267,269
770,268,269
771,268,270
772,268,271
773,268,272
774,269,268
775,269,270
776,269,271
777,269,272
778,270,271
779,270,272
780,270,273
781,270,274
782,271,270
783,271,272
784,271,273
785,271,274
786,272,270
787,272,271
788,272,270
789,272,271
790,272,272
791,273,274
792,273,275
793,273,276
794,274,273
795,274,275
796,274,276
797,275,276
798,275,277
799,275,278
800,276,275
801,276,277
802,276,278
803,277,278
804,277,279
805,277,280
806,278,277
807,278,279
808,278,280
809,279,280
810,279,281
811,280,279
812,280,282
813,280,283
814,280,281
815,281,282
816,281,283
817,282,283
818,282,284
819,282,285
820,283,282
821,283,284
822,283,285
823,284,285
824,284,286
825,284,287
826,285,284
827,285,286
828,285,287
829,286,287
830,286,289
831,286,288
832,287,286
833,287,288
834,288,289
835,289,290
836,290,291
837,290,292
838,290,293
839,291,292
840,291,293
841,291,295
842,291,294
843,292,291
844,292,293
845,292,295
846,292,294
847,293,291
848,293,292
849,293,294
850,294,295
851,295,296
852,296,297
853,296,298
854,296,299
855,297,298
856,297,299
857,297,306
858,297,307
859,297,308
860,297,300
861,297,301
862,297,302
863,297,303
864,297,304
865,297,305
866,298,297
867,298,299
868,298,301
869,298,302
870,298,300
871,299,297
872,299,298
873,299,300
874,300,301
875,300,302
876,301,302
877,301,306
878,301,307
879,301,308
880,301,303
881,301,304
882,301,305
883,302,301
884,302,303
885,303,304
886,304,305
887,305,306
888,305,307
889,305,308
890,306,307
891,306,308
892,307,306
893,307,308
894,308,306
895,308,307
896,309,310
897,309,311
898,309,312
899,310,311
900,310,312
901,310,313
902,310,314
903,310,315
904,311,310
905,311,312
906,311,313
907,311,314
908,311,315
909,312,310
910,312,311
911,312,313
912,312,314
913,312,315
914,313,314
915,313,315
916,313,316
917,314,313
918,314,315
919,314,317
920,314,318
921,314,319
922,314,316
923,315,313
924,315,314
925,315,317
926,315,318
927,315,319
928,315,316
929,316,317
930,316,318
931,316,319
932,317,318
933,317,319
934,317,320
935,317,321
936,317,322
937,318,317
938,318,319
939,318,320
940,318,321
941,318,322
942,319,317
943,319,318
944,319,320
945,319,321
946,319,322
947,320,321
948,320,322
949,320,323
950,320,324
951,320,325
952,321,320
953,321,322
954,321,323
955,321,324
956,321,325
957,322,320
958,322,321
959,322,323
960,322,324
961,322,325
962,323,324
963,323,325
964,323,326
965,324,323
966,324,325
967,324,327
968,324,328
969,324,329
970,324,326
971,325,323
972,325,324
973,325,327
974,325,328
975,325,329
976,325,326
977,326,327
978,326,328
979,326,329
980,327,328
981,327,329
982,327,330
983,327,331
984,327,332
985,328,327
986,328,329
987,328,330
988,328,331
989,328,332
990,329,327
991,329,328
992,329,330
993,329,331
994,329,332
995,330,331
996,330,332
997,330,337
998,330,338
999,330,339
1000,330,333
1001,330,334
1002,330,335
1003,330,336
1004,331,330
1005,331,332
1006,331,334
1007,331,335
1008,331,333
1009,332,330
1010,332,331
1011,332,333
1012,333,334
1013,333,335
1014,334,335
1015,334,337
1016,334,338
1017,334,339
1018,334,336
1019,335,334
1020,335,336
1021,336,337
1022,336,338
1023,336,339
1024,337,338
1025,337,339
1026,337,343
1027,337,340
1028,337,341
1029,337,342
1030,338,337
1031,338,339
1032,338,343
1033,338,340
1034,338,341
1035,338,342
1036,339,337
1037,339,338
1038,339,340
1039,340,341
1040,341,342
1041,342,343
1042,343,344
1043,344,345
1044,344,346
1045,344,347
1046,345,346
1047,345,347
1048,345,348
1049,345,349
1050,345,350
1051,346,345
1052,346,347
1053,346,348
1054,346,349
1055,346,350
1056,347,345
1057,347,346
1058,347,348
1059,347,349
1060,347,350
1061,348,349
1062,348,350
1063,348,351
1064,349,348
1065,349,350
1066,349,352
1067,349,353
1068,349,354
1069,349,351
1070,350,348
1071,350,349
1072,350,352
1073,350,353
1074,350,354
1075,350,351
1076,351,352
1077,351,353
1078,351,354
1079,352,353
1080,352,354
1081,352,355
1082,352,356
1083,352,357
1084,353,352
1085,353,354
1086,353,355
1087,353,356
1088,353,357
1089,354,352
1090,354,353
1091,354,355
1092,354,356
1093,354,357
1094,355,356
1095,355,357
1096,355,358
1097,355,359
1098,355,360
1099,356,355
1100,356,357
1101,356,358
1102,356,359
1103,356,360
1104,357,355
1105,357,356
1106,357,358
1107,357,359
1108,357,360
1109,358,359
1110,358,360
1111,358,361
1112,359,358
1113,359,360
1114,359,362
1115,359,363
1116,359,364
1117,359,361
1118,360,358
1119,360,359
1120,360,362
1121,360,363
1122,360,364
1123,360,361
1124,361,362
1125,361,363
1126,361,364
1127,362,363
1128,362,364
1129,362,365
1130,362,366
1131,362,367
1132,363,362
1133,363,364
1134,363,365
1135,363,366
1136,363,367
1137,364,362
1138,364,363
1139,364,365
1140,364,366
1141,364,367
1142,365,366
1143,365,367
1144,365,372
1145,365,373
1146,365,374
1147,365,368
1148,365,369
1149,365,370
1150,365,371
1151,366,365
1152,366,367
1153,366,369
1154,366,370
1155,366,368
1156,367,365
1157,367,366
1158,367,368
1159,368,369
1160,368,370
1161,369,370
1162,369,372
1163,369,373
1164,369,374
1165,369,371
1166,370,369
1167,370,371
1168,371,372
1169,371,373
1170,371,374
1171,372,373
1172,372,374
1173,372,378
1174,372,375
1175,372,376
1176,372,377
1177,373,372
1178,373,374
1179,373,378
1180,373,375
1181,373,376
1182,373,377
1183,374,372
1184,374,373
1185,374,375
1186,375,376
1187,376,377
1188,377,378
1189,378,379
1190,379,380
1191,379,381
1192,380,381
1193,380,382
1194,380,383
1195,381,380
1196,381,382
1197,381,383
1198,382,383
1199,382,384
1200,382,385
1201,383,382
1202,383,384
1203,383,385
1204,384,385
1205,384,386
1206,384,387
1207,385,384
1208,385,386
1209,385,387
1210,386,387
1211,386,388
1212,386,389
1213,387,386
1214,387,388
1215,387,389
1216,388,389
1217,388,390
1218,389,388
1219,389,391
1220,389,392
1221,389,390
1222,390,391
1223,390,392
1224,391,392
1225,391,393
1226,391,394
1227,392,391
1228,392,393
1229,392,394
1230,393,394
1231,393,395
1232,393,396
1233,394,393
1234,394,395
1235,394,396
1236,395,396
1237,395,398
1238,395,399
1239,395,397
1240,396,395
1241,396,397
1242,397,398
1243,397,399
1244,398,399
1245,398,401
1246,398,402
1247,398,400
1248,399,398
1249,399,400
1250,400,401
1251,400,402
1252,401,402
1253,401,404
1254,401,405
1255,401,403
1256,402,401
1257,402,403
1258,403,404
1259,403,405
1260,404,405
1261,404,407
1262,404,408
1263,404,406
1264,405,404
1265,405,406
1266,406,407
1267,406,408
1268,407,408
1269,407,409
1270,408,407
1271,408,410
1272,408,411
1273,408,409
1274,409,410
1275,409,411
1276,410,411
1277,410,412
1278,410,413
1279,411,410
1280,411,412
1281,411,413
1282,412,413
1283,412,414
1284,412,415
1285,412,416
1286,413,412
1287,413,414
1288,413,415
1289,413,416
1290,414,415
1291,414,416
1292,414,420
1293,414,417
1294,414,418
1295,414,419
1296,415,414
1297,415,416
1298,415,420
1299,415,417
1300,415,418
1301,415,419
1302,416,414
1303,416,415
1304,416,417
1305,417,418
1306,418,419
1307,419,420
1308,420,421
1309,421,422
1310,422,423
1311,423,424
1312,423,425
1313,423,426
1314,423,427
1315,424,425
1316,424,426
1317,424,427
1318,424,431
1319,424,428
1320,424,429
1321,424,430
1322,425,424
1323,425,426
1324,425,427
1325,425,431
1326,425,428
1327,425,429
1328,425,430
1329,426,424
1330,426,425
1331,426,427
1332,426,431
1333,426,428
1334,426,429
1335,426,430
1336,427,424
1337,427,425
1338,427,426
1339,427,428
1340,428,429
1341,429,430
1342,430,431
1343,431,432
1344,432,433
1345,433,434
1346,434,435
1347,434,436
1348,434,437
1349,435,436
1350,435,437
1351,435,446
1352,435,447
1353,435,448
1354,435,438
1355,435,439
1356,435,440
1357,435,441
1358,435,442
1359,435,443
1360,435,444
1361,435,445
1362,436,435
1363,436,437
1364,436,441
1365,436,442
1366,436,438
1367,436,439
1368,436,440
1369,437,435
1370,437,436
1371,437,438
1372,438,439
1373,439,440
1374,440,441
1375,440,442
1376,441,442
1377,441,446
1378,441,447
1379,441,448
1380,441,443
1381,441,444
1382,441,445
1383,442,441
1384,442,443
1385,443,444
1386,444,445
1387,445,446
1388,445,447
1389,445,448
1390,446,447
1391,446,448
1392,446,452
1393,446,453
1394,446,454
1395,446,449
1396,446,450
1397,446,451
1398,447,446
1399,447,448
1400,447,449
1401,447,450
1402,448,446
1403,448,447
1404,448,449
1405,448,450
1406,449,450
1407,449,451
1408,450,449
1409,450,451
1410,451,452
1411,451,453
1412,451,454
1413,452,453
1414,452,454
1415,452,455
1416,452,456
1417,452,457
1418,453,452
1419,453,454
1420,453,455
1421,453,456
1422,453,457
1423,454,452
1424,454,453
1425,454,455
1426,454,456
1427,454,457
1428,455,456
1429,455,457
1430,455,458
1431,456,455
1432,456,457
1433,456,459
1434,456,460
1435,456,461
1436,456,458
1437,457,455
1438,457,456
1439,457,459
1440,457,460
1441,457,461
1442,457,458
1443,458,459
1444,458,460
1445,458,461
1446,459,460
1447,459,461
1448,459,462
1449,459,463
1450,459,464
1451,460,459
1452,460,461
1453,460,462
1454,460,463
1455,460,464
1456,461,459
1457,461,460
1458,461,462
1459,461,463
1460,461,464
1461,462,463
1462,462,464
1463,462,465
1464,462,466
1465,462,467
1466,463,462
1467,463,464
1468,463,465
1469,463,466
1470,463,467
1471,464,462
1472,464,463
1473,464,465
1474,464,466
1475,464,467
1476,465,466
1477,465,467
1478,465,468
1479,466,465
1480,466,467
1481,466,469
1482,466,470
1483,466,471
1484,466,468
1485,467,465
1486,467,466
1487,467,469
1488,467,470
1489,467,471
1490,467,468
1491,468,469
1492,468,470
1493,468,471
1494,469,470
1495,469,471
1496,469,472
1497,469,473
1498,469,474
1499,470,469
1500,470,471
1501,470,472
1502,470,473
1503,470,474
1504,471,469
1505,471,470
1506,471,472
1507,471,473
1508,471,474
1509,472,473
1510,472,474
1511,472,475
1512,472,476
1513,472,477
1514,473,472
1515,473,474
1516,473,475
1517,473,476
1518,473,477
1519,474,472
1520,474,473
1521,474,475
1522,474,476
1523,474,477
1524,475,476
1525,475,477
1526,475,478
1527,476,475
1528,476,477
1529,476,479
1530,476,480
1531,476,481
1532,476,478
1533,477,475
1534,477,476
1535,477,479
1536,477,480
1537,477,481
1538,477,478
1539,478,479
1540,478,480
1541,478,481
1542,479,480
1543,479,481
1544,479,482
1545,479,483
1546,479,484
1547,480,479
1548,480,481
1549,480,482
1550,480,483
1551,480,484
1552,481,479
1553,481,480
1554,481,482
1555,481,483
1556,481,484
1557,482,483
1558,482,484
1559,482,485
1560,482,486
1561,482,487
1562,483,482
1563,483,484
1564,483,485
1565,483,486
1566,483,487
1567,484,482
1568,484,483
1569,484,485
1570,484,486
1571,484,487
1572,485,486
1573,485,487
1574,485,488
1575,486,485
1576,486,487
1577,486,489
1578,486,490
1579,486,491
1580,486,488
1581,487,485
1582,487,486
1583,487,489
1584,487,490
1585,487,491
1586,487,488
1587,488,489
1588,488,490
1589,488,491
1590,489,490
1591,489,491
1592,489,492
1593,489,493
1594,490,489
1595,490,491
1596,490,492
1597,490,493
1598,491,489
1599,491,490
1600,491,492
1601,491,493
1602,492,493
1603,492,495
1604,492,496
1605,492,494
1606,493,492
1607,493,494
1608,494,495
1609,494,496
1610,495,496
1611,495,498
1612,495,499
1613,495,497
1614,496,495
1615,496,497
1616,497,498
1617,497,499
1618,498,499
1619,498,501
1620,498,502
1621,498,500
1622,499,498
1623,499,500
1624,500,501
1625,500,502
1626,501,502
1627,501,504
1628,501,505
1629,501,503
1630,502,501
1631,502,503
1632,503,504
1633,503,505
1634,504,505
1635,504,507
1636,504,508
1637,504,506
1638,505,504
1639,505,506
1640,506,507
1641,506,508
1642,507,508
1643,507,510
1644,507,511
1645,507,509
1646,508,507
1647,508,509
1648,509,510
1649,509,511
1650,510,511
1651,510,513
1652,510,514
1653,510,512
1654,511,510
1655,511,512
1656,512,513
1657,512,514
1658,513,514
1659,513,516
1660,513,517
1661,513,515
1662,514,513
1663,514,515
1664,515,516
1665,515,517
1666,516,517
1667,516,518
1668,517,516
1669,517,518
1670,518,521
1671,518,522
1672,518,519
1673,518,520
1674,519,520
1675,519,523
1676,519,524
1677,519,525
1678,519,521
1679,519,522
1680,520,519
1681,520,523
1682,520,524
1683,520,525
1684,520,521
1685,520,522
1686,521,522
1687,521,523
1688,521,524
1689,521,525
1690,522,521
1691,522,523
1692,522,524
1693,522,525
1694,523,524
1695,523,525
1696,523,528
1697,523,526
1698,523,527
1699,524,523
1700,524,525
1701,524,526
1702,524,527
1703,525,523
1704,525,524
1705,525,526
1706,525,527
1707,526,527
1708,526,528
1709,527,526
1710,527,528
1711,528,529
1712,528,530
1713,528,531
1714,529,530
1715,529,531
1716,529,532
1717,529,533
1718,529,534
1719,530,529
1720,530,531
1721,530,532
1722,530,533
1723,530,534
1724,531,529
1725,531,530
1726,531,532
1727,531,533
1728,531,534
1729,532,533
1730,532,534
1731,532,535
1732,533,532
1733,533,534
1734,533,536
1735,533,537
1736,533,538
1737,533,535
1738,534,532
1739,534,533
1740,534,536
1741,534,537
1742,534,538
1743,534,535
1744,535,536
1745,535,537
1746,535,538
1747,536,537
1748,536,538
1749,536,539
1750,536,540
1751,536,541
1752,537,536
1753,537,538
1754,537,539
1755,537,540
1756,537,541
1757,538,536
1758,538,537
1759,538,539
1760,538,540
1761,538,541
1762,539,540
1763,539,541
1764,539,542
1765,539,543
1766,539,544
1767,540,539
1768,540,541
1769,540,542
1770,540,543
1771,540,544
1772,541,539
1773,541,540
1774,541,542
1775,541,543
1776,541,544
1777,542,543
1778,542,544
1779,542,545
1780,543,542
1781,543,544
1782,543,546
1783,543,547
1784,543,548
1785,543,545
1786,544,542
1787,544,543
1788,544,546
1789,544,547
1790,544,548
1791,544,545
1792,545,546
1793,545,547
1794,545,548
1795,546,547
1796,546,548
1797,546,549
1798,546,550
1799,546,551
1800,547,546
1801,547,548
1802,547,549
1803,547,550
1804,547,551
1805,548,546
1806,548,547
1807,548,549
1808,548,550
1809,548,551
1810,549,550
1811,549,551
1812,549,556
1813,549,557
1814,549,558
1815,549,552
1816,549,553
1817,549,554
1818,549,555
1819,550,549
1820,550,551
1821,550,553
1822,550,554
1823,550,552
1824,551,549
1825,551,550
1826,551,552
1827,552,553
1828,552,554
1829,553,554
1830,553,556
1831,553,557
1832,553,558
1833,553,555
1834,554,553
1835,554,555
1836,555,556
1837,555,557
1838,555,558
1839,556,557
1840,556,558
1841,556,562
1842,556,559
1843,556,560
1844,556,561
1845,557,556
1846,557,558
1847,557,562
1848,557,559
1849,557,560
1850,557,561
1851,558,556
1852,558,557
1853,558,559
1854,559,560
1855,560,561
1856,561,562
1857,562,563
1858,563,564
1859,563,565
1860,563,566
1861,564,565
1862,564,566
1863,564,567
1864,564,568
1865,564,569
1866,565,564
1867,565,566
1868,565,567
1869,565,568
1870,565,569
1871,566,564
1872,566,565
1873,566,567
1874,566,568
1875,566,569
1876,567,568
1877,567,569
1878,567,570
1879,568,567
1880,568,569
1881,568,571
1882,568,572
1883,568,573
1884,568,570
1885,569,567
1886,569,568
1887,569,571
1888,569,572
1889,569,573
1890,569,570
1891,570,571
1892,570,572
1893,570,573
1894,571,572
1895,571,573
1896,571,574
1897,571,575
1898,571,576
1899,572,571
1900,572,573
1901,572,574
1902,572,575
1903,572,576
1904,573,571
1905,573,572
1906,573,574
1907,573,575
1908,573,576
1909,574,575
1910,574,576
1911,574,577
1912,574,578
1913,574,579
1914,575,574
1915,575,576
1916,575,577
1917,575,578
1918,575,579
1919,576,574
1920,576,575
1921,576,577
1922,576,578
1923,576,579
1924,577,578
1925,577,579
1926,577,580
1927,578,577
1928,578,579
1929,578,581
1930,578,582
1931,578,583
1932,578,580
1933,579,577
1934,579,578
1935,579,581
1936,579,582
1937,579,583
1938,579,580
1939,580,581
1940,580,582
1941,580,583
1942,581,582
1943,581,583
1944,581,584
1945,581,585
1946,581,586
1947,582,581
1948,582,583
1949,582,584
1950,582,585
1951,582,586
1952,583,581
1953,583,582
1954,583,584
1955,583,585
1956,583,586
1957,584,585
1958,584,586
1959,584,591
1960,584,592
1961,584,593
1962,584,587
1963,584,588
1964,584,589
1965,584,590
1966,585,584
1967,585,586
1968,585,588
1969,585,589
1970,585,587
1971,586,584
1972,586,585
1973,586,587
1974,587,588
1975,587,589
1976,588,589
1977,588,591
1978,588,592
1979,588,593
1980,588,590
1981,589,588
1982,589,590
1983,590,591
1984,590,592
1985,590,593
1986,591,592
1987,591,593
1988,591,597
1989,591,594
1990,591,595
1991,591,596
1992,592,591
1993,592,593
1994,592,597
1995,592,594
1996,592,595
1997,592,596
1998,593,591
1999,593,592
2000,593,594
2001,594,595
2002,595,596
2003,596,597
2004,597,598
2005,598,599
2006,598,600
2007,599,600
2008,599,601
2009,599,602
2010,600,599
2011,600,601
2012,600,602
2013,601,602
2014,601,603
2015,601,604
2016,602,601
2017,602,603
2018,602,604
2019,603,604
2020,603,605
2021,603,606
2022,604,603
2023,604,605
2024,604,606
2025,605,606
2026,605,607
2027,605,608
2028,606,605
2029,606,607
2030,606,608
2031,607,608
2032,607,609
2033,608,607
2034,608,610
2035,608,611
2036,608,609
2037,609,610
2038,609,611
2039,610,611
2040,610,612
2041,610,613
2042,611,610
2043,611,612
2044,611,613
2045,612,613
2046,612,614
2047,612,615
2048,613,612
2049,613,614
2050,613,615
2051,614,615
2052,614,617
2053,614,618
2054,614,616
2055,615,614
2056,615,616
2057,616,617
2058,616,618
2059,617,618
2060,617,620
2061,617,621
2062,617,619
2063,618,617
2064,618,619
2065,619,620
2066,619,621
2067,620,621
2068,620,623
2069,620,624
2070,620,622
2071,621,620
2072,621,622
2073,622,623
2074,622,624
2075,623,624
2076,623,626
2077,623,627
2078,623,625
2079,624,623
2080,624,625
2081,625,626
2082,625,627
2083,626,627
2084,626,628
2085,627,626
2086,627,629
2087,627,630
2088,627,628
2089,628,629
2090,628,630
2091,629,630
2092,629,631
2093,629,632
2094,630,629
2095,630,631
2096,630,632
2097,631,632
2098,631,633
2099,631,634
2100,631,635
2101,631,636
2102,632,631
2103,632,633
2104,632,634
2105,632,635
2106,632,636
2107,633,634
2108,633,635
2109,633,636
2110,633,640
2111,633,637
2112,633,638
2113,633,639
2114,634,633
2115,634,635
2116,634,636
2117,634,640
2118,634,637
2119,634,638
2120,634,639
2121,635,633
2122,635,634
2123,635,636
2124,635,640
2125,635,637
2126,635,638
2127,635,639
2128,636,633
2129,636,634
2130,636,635
2131,636,637
2132,637,638
2133,638,639
2134,639,640
2135,640,641
2136,641,642
2137,642,643
2138,643,644
2139,643,645
2140,643,646
2141,643,647
2142,644,645
2143,644,646
2144,644,647
2145,644,651
2146,644,648
2147,644,649
2148,644,650
2149,645,644
2150,645,646
2151,645,647
2152,645,651
2153,645,648
2154,645,649
2155,645,650
2156,646,644
2157,646,645
2158,646,647
2159,646,651
2160,646,648
2161,646,649
2162,646,650
2163,647,644
2164,647,645
2165,647,646
2166,647,648
2167,648,649
2168,649,650
2169,650,651
2170,651,652
2171,652,653
2172,653,654
2173,654,655
2174,654,656
2175,654,657
2176,655,656
2177,655,657
2178,655,666
2179,655,667
2180,655,668
2181,655,658
2182,655,659
2183,655,660
2184,655,661
2185,655,662
2186,655,663
2187,655,664
2188,655,665
2189,656,655
2190,656,657
2191,656,661
2192,656,662
2193,656,658
2194,656,659
2195,656,660
2196,657,655
2197,657,656
2198,657,658
2199,658,659
2200,659,660
2201,660,661
2202,660,662
2203,661,662
2204,661,666
2205,661,667
2206,661,668
2207,661,663
2208,661,664
2209,661,665
2210,662,661
2211,662,663
2212,663,664
2213,664,665
2214,665,666
2215,665,667
2216,665,668
2217,666,667
2218,666,668
2219,666,671
2220,666,669
2221,666,670
2222,667,666
2223,667,668
2224,667,669
2225,667,670
2226,668,666
2227,668,667
2228,668,669
2229,668,670
2230,669,670
2231,669,671
2232,670,669
2233,670,671
2234,671,672
2235,672,673
2236,673,676
2237,673,677
2238,673,674
2239,673,675
2240,674,675
2241,674,676
2242,674,677
2243,675,674
2244,675,676
2245,675,677
2246,676,677
2247,676,678
2248,677,676
2249,677,678
2250,678,679
2251,679,680
2252,680,683
2253,680,684
2254,680,681
2255,680,682
2256,681,682
2257,681,683
2258,681,684
2259,682,681
2260,682,683
2261,682,684
2262,683,684
2263,683,685
2264,684,683
2265,684,685
2266,685,686
2267,686,687
2268,687,688
2269,688,689
2270,689,690
2271,690,691
2272,691,692
2273,692,693
2274,693,694
2275,694,695
2276,695,696
2277,696,697
2278,696,698
2279,696,699
2280,697,698
2281,697,699
2282,697,701
2283,697,700
2284,698,697
2285,698,699
2286,698,701
2287,698,700
2288,699,697
2289,699,698
2290,699,700
2291,700,701
2292,701,702
2293,702,703
2294,702,704
2295,702,705
2296,703,704
2297,703,705
2298,703,707
2299,703,706
2300,704,703
2301,704,705
2302,704,707
2303,704,706
2304,705,703
2305,705,704
2306,705,706
2307,706,707
2308,707,708
2309,708,709
2310,708,710
2311,708,711
2312,709,710
2313,709,711
2314,709,713
2315,709,714
2316,709,715
2317,709,712
2318,710,709
2319,710,711
2320,710,713
2321,710,714
2322,710,715
2323,710,712
2324,711,709
2325,711,710
2326,711,712
2327,712,713
2328,712,714
2329,712,715
2330,713,714
2331,713,715
2332,713,716
2333,714,713
2334,714,715
2335,714,716
2336,715,713
2337,715,714
2338,715,716
2339,716,717
2340,717,718
2341,718,719
2342,719,720
2343,719,721
2344,720,721
2345,720,722
2346,720,723
2347,721,720
2348,721,722
2349,721,723
2350,722,723
2351,722,724
2352,722,725
2353,723,722
2354,723,724
2355,723,725
2356,724,725
2357,724,726
2358,724,727
2359,725,724
2360,725,726
2361,725,727
2362,726,727
2363,726,728
2364,726,729
2365,727,726
2366,727,728
2367,727,729
2368,728,729
2369,728,730
2370,728,731
2371,728,732
2372,729,728
2373,729,730
2374,729,731
2375,729,732
2376,730,732
2377,730,738
2378,730,739
2379,730,733
2380,730,734
2381,730,735
2382,730,736
2383,730,737
2384,731,732
2385,731,733
2386,731,734
2387,732,730
2388,732,731
2389,732,733
2390,732,734
2391,733,734
2392,733,735
2393,733,736
2394,734,733
2395,734,735
2396,734,736
2397,735,736
2398,735,741
2399,735,742
2400,735,737
2401,735,738
2402,735,739
2403,735,740
2404,736,735
2405,736,737
2406,737,738
2407,737,739
2408,738,739
2409,738,741
2410,738,742
2411,738,740
2412,739,738
2413,739,740
2414,740,741
2415,740,742
2416,741,742
2417,741,743
2418,742,741
2419,742,744
2420,742,743
2421,743,744
2422,744,745
2423,745,746
2424,746,747
2425,746,748
2426,747,748
2427,747,749
2428,747,750
2429,748,747
2430,748,749
2431,748,750
2432,749,750
2433,749,751
2434,749,752
2435,750,749
2436,750,751
2437,750,752
2438,751,752
2439,751,753
2440,751,754
2441,752,751
2442,752,753
2443,752,754
2444,753,754
2445,753,755
2446,753,756
2447,754,753
2448,754,755
2449,754,756
2450,755,756
2451,755,757
2452,755,758
2453,756,755
2454,756,757
2455,756,758
2456,757,758
2457,757,759
2458,757,760
2459,758,757
2460,758,759
2461,758,760
2462,759,760
2463,759,761
2464,759,762
2465,760,759
2466,760,761
2467,760,762
2468,761,762
2469,761,763
2470,761,764
2471,762,761
2472,762,763
2473,762,764
2474,763,764
2475,763,765
2476,763,766
2477,764,763
2478,764,765
2479,764,766
2480,765,766
2481,765,767
2482,765,768
2483,766,765
2484,766,767
2485,766,768
2486,767,768
2487,767,769
2488,767,770
2489,768,767
2490,768,769
2491,768,770
2492,769,770
2493,769,771
2494,769,772
2495,770,769
2496,770,771
2497,770,772
2498,771,772
2499,771,773
2500,771,774
2501,772,771
2502,772,773
2503,772,774
2504,773,774
2505,773,775
2506,773,776
2507,774,773
2508,774,775
2509,774,776
2510,775,776
2511,775,777
2512,775,778
2513,776,775
2514,776,777
2515,776,778
2516,777,778
2517,777,779
2518,777,780
2519,778,777
2520,778,779
2521,778,780
2522,779,780
2523,779,781
2524,779,782
2525,780,779
2526,780,781
2527,780,782
2528,781,782
2529,781,783
2530,781,784
2531,782,781
2532,782,783
2533,782,784
2534,783,784
2535,783,785
2536,783,786
2537,784,783
2538,784,785
2539,784,786
2540,785,786
2541,785,787
2542,785,788
2543,786,785
2544,786,787
2545,786,788
2546,787,788
2547,787,789
2548,787,790
2549,788,787
2550,788,789
2551,788,790
2552,789,790
2553,789,791
2554,789,792
2555,789,793
2556,790,789
2557,790,791
2558,790,792
2559,790,793
2560,791,792
2561,791,793
2562,791,794
2563,791,795
2564,791,796
2565,792,791
2566,792,793
2567,792,794
2568,792,795
2569,792,796
2570,793,791
2571,793,792
2572,793,794
2573,793,795
2574,793,796
2575,794,795
2576,794,796
2577,794,797
2578,794,798
2579,794,799
2580,795,794
2581,795,796
2582,795,797
2583,795,798
2584,795,799
2585,796,794
2586,796,795
2587,796,797
2588,796,798
2589,796,799
2590,797,798
2591,797,799
2592,797,800
2593,797,801
2594,797,802
2595,798,797
2596,798,799
2597,798,800
2598,798,801
2599,798,802
2600,799,797
2601,799,798
2602,799,800
2603,799,801
2604,799,802
2605,800,801
2606,800,802
2607,800,803
2608,800,804
2609,800,805
2610,801,800
2611,801,802
2612,801,803
2613,801,804
2614,801,805
2615,802,800
2616,802,801
2617,802,803
2618,802,804
2619,802,805
2620,803,804
2621,803,805
2622,803,806
2623,803,807
2624,803,808
2625,804,803
2626,804,805
2627,804,806
2628,804,807
2629,804,808
2630,805,803
2631,805,804
2632,805,806
2633,805,807
2634,805,808
2635,806,807
2636,806,808
2637,806,811
2638,806,812
2639,806,809
2640,806,810
2641,807,806
2642,807,808
2643,807,809
2644,807,810
2645,808,806
2646,808,807
2647,808,809
2648,808,810
2649,809,810
2650,809,811
2651,809,812
2652,810,809
2653,810,811
2654,810,812
2655,811,812
2656,811,813
2657,811,814
2658,812,811
2659,812,813
2660,812,814
2661,813,814
2662,813,815
2663,814,813
2664,814,815
2665,815,816
2666,816,817
2667,816,818
2668,816,819
2669,817,818
2670,817,819
2671,817,821
2672,817,820
2673,818,817
2674,818,819
2675,818,821
2676,818,820
2677,819,817
2678,819,818
2679,819,820
2680,820,821
2681,821,822
2682,822,823
2683,822,824
2684,822,825
2685,823,824
2686,823,825
2687,823,827
2688,823,826
2689,824,823
2690,824,825
2691,824,827
2692,824,826
2693,825,823
2694,825,824
2695,825,826
2696,826,827
2697,827,828
2698,828,829
2699,828,830
2700,828,831
2701,829,830
2702,829,831
2703,829,833
2704,829,834
2705,829,835
2706,829,832
2707,830,829
2708,830,831
2709,830,833
2710,830,834
2711,830,835
2712,830,832
2713,831,829
2714,831,830
2715,831,832
2716,832,833
2717,832,834
2718,832,835
2719,833,834
2720,833,835
2721,833,836
2722,834,833
2723,834,835
2724,834,836
2725,835,833
2726,835,834
2727,835,836
2728,836,837
2729,837,838
2730,838,839
2731,839,840
2732,839,841
2733,840,841
2734,840,842
2735,840,843
2736,841,840
2737,841,842
2738,841,843
2739,842,843
2740,842,844
2741,842,845
2742,843,842
2743,843,844
2744,843,845
2745,844,845
2746,844,846
2747,844,847
2748,845,844
2749,845,846
2750,845,847
2751,846,847
2752,846,848
2753,846,849
2754,847,846
2755,847,848
2756,847,849
2757,848,849
2758,848,850
2759,848,851
2760,848,852
2761,849,848
2762,849,850
2763,849,851
2764,849,852
2765,850,852
2766,850,858
2767,850,859
2768,850,853
2769,850,854
2770,850,855
2771,850,856
2772,850,857
2773,851,852
2774,851,853
2775,851,854
2776,852,850
2777,852,851
2778,852,853
2779,852,854
2780,853,854
2781,853,855
2782,853,856
2783,854,853
2784,854,855
2785,854,856
2786,855,856
2787,855,861
2788,855,862
2789,855,857
2790,855,858
2791,855,859
2792,855,860
2793,856,855
2794,856,857
2795,857,858
2796,857,859
2797,858,859
2798,858,861
2799,858,862
2800,858,860
2801,859,858
2802,859,860
2803,860,861
2804,860,862
2805,861,862
2806,861,863
2807,862,861
2808,862,864
2809,862,863
2810,863,864
2811,864,865
2812,865,866
2813,866,867
2814,867,868
2815,868,869
2816,868,870
2817,869,870
2818,869,871
2819,869,872
2820,870,869
2821,870,871
2822,870,872
2823,871,872
2824,871,873
2825,871,874
2826,872,871
2827,872,873
2828,872,874
2829,873,874
2830,873,875
2831,873,876
2832,874,873
2833,874,875
2834,874,876
2835,875,876
2836,875,877
2837,875,878
2838,876,875
2839,876,877
2840,876,878
2841,877,878
2842,877,879
2843,877,880
2844,878,877
2845,878,879
2846,878,880
2847,879,880
2848,879,882
2849,879,881
2850,880,879
2851,880,881
2852,881,882
2853,882,883
2854,882,884
2855,883,884
2856,883,885
2857,883,886
2858,884,883
2859,884,885
2860,884,886
2861,885,886
2862,885,887
2863,885,888
2864,886,885
2865,886,887
2866,886,888
2867,887,888
2868,887,889
2869,887,890
2870,888,887
2871,888,889
2872,888,890
2873,889,890
2874,889,891
2875,889,892
2876,890,889
2877,890,891
2878,890,892
2879,891,892
2880,891,893
2881,891,894
2882,892,891
2883,892,893
2884,892,894
2885,893,894
2886,893,895
2887,893,896
2888,894,893
2889,894,895
2890,894,896
2891,895,896
2892,895,897
2893,895,898
2894,896,895
2895,896,897
2896,896,898
2897,897,898
2898,897,899
2899,897,900
2900,898,897
2901,898,899
2902,898,900
2903,899,900
2904,899,901
2905,899,902
2906,900,899
2907,900,901
2908,900,902
2909,901,902
2910,901,903
2911,901,904
2912,902,901
2913,902,903
2914,902,904
2915,903,904
2916,903,905
2917,903,906
2918,904,903
2919,904,905
2920,904,906
2921,905,906
2922,905,907
2923,905,908
2924,906,905
2925,906,907
2926,906,908
2927,907,908
2928,907,909
2929,907,910
2930,908,907
2931,908,909
2932,908,910
2933,909,910
2934,909,914
2935,909,915
2936,909,916
2937,909,911
2938,909,912
2939,909,913
2940,910,909
2941,910,914
2942,910,915
2943,910,916
2944,910,911
2945,910,912
2946,910,913
2947,911,912
2948,912,913
2949,913,914
2950,913,915
2951,913,916
2952,914,915
2953,914,916
2954,914,918
2955,914,917
2956,915,914
2957,915,916
2958,915,918
2959,915,917
2960,916,914
2961,916,915
2962,916,917
2963,917,918
2964,918,919
2965,919,920
2966,919,921
2967,920,921
2968,920,928
2969,920,929
2970,920,930
2971,920,922
2972,920,923
2973,920,924
2974,920,925
2975,920,926
2976,920,927
2977,921,920
2978,921,928
2979,921,929
2980,921,930
2981,921,922
2982,921,923
2983,921,924
2984,921,925
2985,921,926
2986,921,927
2987,922,923
2988,923,924
2989,924,925
2990,925,926
2991,926,927
2992,927,928
2993,927,929
2994,927,930
2995,928,929
2996,928,930
2997,928,934
2998,928,931
2999,928,932
3000,928,933
3001,929,928
3002,929,930
3003,929,934
3004,929,931
3005,929,932
3006,929,933
3007,930,928
3008,930,929
3009,930,931
3010,931,932
3011,932,933
3012,933,934
3013,934,935
3014,935,936
3015,935,937
3016,935,1361
3017,936,937
3018,936,945
3019,936,946
3020,936,947
3021,936,938
3022,936,939
3023,936,940
3024,936,941
3025,936,942
3026,936,943
3027,936,944
3028,937,936
3029,937,945
3030,937,946
3031,937,947
3032,937,938
3033,937,939
3034,937,940
3035,937,941
3036,937,942
3037,937,943
3038,937,944
3039,938,939
3040,939,940
3041,940,941
3042,941,942
3043,942,943
3044,943,944
3045,944,945
3046,944,946
3047,944,947
3048,945,946
3049,945,947
3050,945,951
3051,945,948
3052,945,949
3053,945,950
3054,946,945
3055,946,947
3056,946,951
3057,946,948
3058,946,949
3059,946,950
3060,947,945
3061,947,946
3062,947,948
3063,948,949
3064,949,950
3065,950,951
3066,951,952
3067,952,953
3068,953,954
3069,954,955
3070,954,956
3071,955,956
3072,955,957
3073,956,955
3074,956,957
3075,957,958
3076,957,959
3077,958,959
3078,958,960
3079,959,958
3080,959,960
3081,960,961
3082,960,962
3083,961,962
3084,961,963
3085,962,961
3086,962,964
3087,962,965
3088,962,963
3089,963,964
3090,963,965
3091,964,965
3092,964,966
3093,964,967
3094,965,964
3095,965,966
3096,965,967
3097,966,967
3098,966,968
3099,966,969
3100,966,970
3101,967,966
3102,967,968
3103,967,969
3104,967,970
3105,968,969
3106,968,970
3107,968,971
3108,968,972
3109,969,968
3110,969,970
3111,969,971
3112,969,972
3113,970,968
3114,970,969
3115,970,968
3116,970,969
3117,970,970
3118,971,972
3119,971,973
3120,971,974
3121,972,971
3122,972,973
3123,972,974
3124,973,974
3125,973,975
3126,973,976
3127,974,973
3128,974,975
3129,974,976
3130,975,976
3131,975,977
3132,975,978
3133,976,975
3134,976,977
3135,976,978
3136,977,978
3137,977,979
3138,978,977
3139,978,980
3140,978,981
3141,978,979
3142,979,980
3143,979,981
3144,980,981
3145,980,982
3146,980,983
3147,981,980
3148,981,982
3149,981,983
3150,982,983
3151,982,984
3152,982,985
3153,983,982
3154,983,984
3155,983,985
3156,984,985
3157,984,986
3158,984,987
3159,985,984
3160,985,986
3161,985,987
3162,986,987
3163,986,988
3164,987,986
3165,987,989
3166,987,990
3167,987,988
3168,988,989
3169,988,990
3170,989,990
3171,989,991
3172,989,992
3173,990,989
3174,990,991
3175,990,992
3176,991,992
3177,991,993
3178,991,994
3179,992,991
3180,992,993
3181,992,994
3182,993,994
3183,993,995
3184,994,993
3185,994,996
3186,994,997
3187,994,995
3188,995,996
3189,995,997
3190,996,997
3191,996,998
3192,996,999
3193,997,996
3194,997,998
3195,997,999
3196,998,999
3197,998,1000
3198,998,1001
3199,999,998
3200,999,1000
3201,999,1001
3202,1000,1001
3203,1000,1002
3204,1000,1003
3205,1001,1000
3206,1001,1002
3207,1001,1003
3208,1002,1003
3209,1002,1004
3210,1002,1005
3211,1002,1006
3212,1003,1002
3213,1003,1004
3214,1003,1005
3215,1003,1006
3216,1004,1005
3217,1004,1006
3218,1004,1007
3219,1004,1008
3220,1004,1009
3221,1005,1004
3222,1005,1006
3223,1005,1007
3224,1005,1008
3225,1005,1009
3226,1006,1004
3227,1006,1005
3228,1006,1007
3229,1006,1008
3230,1006,1009
3231,1007,1008
3232,1007,1009
3233,1007,1010
3234,1007,1011
3235,1008,1007
3236,1008,1009
3237,1008,1010
3238,1008,1011
3239,1009,1007
3240,1009,1008
3241,1009,1010
3242,1009,1011
3243,1010,1011
3244,1010,1012
3245,1011,1010
3246,1011,1012
3247,1012,1013
3248,1013,1014
3249,1013,1015
3250,1014,1015
3251,1014,1016
3252,1015,1014
3253,1015,1016
3254,1016,1017
3255,1016,1018
3256,1017,1018
3257,1017,1019
3258,1018,1017
3259,1018,1019
3260,1019,1020
3261,1019,1021
3262,1020,1021
3263,1020,1022
3264,1021,1020
3265,1021,1023
3266,1021,1024
3267,1021,1022
3268,1022,1023
3269,1022,1024
3270,1023,1024
3271,1023,1025
3272,1023,1026
3273,1024,1023
3274,1024,1025
3275,1024,1026
3276,1025,1026
3277,1025,1027
3278,1025,1028
3279,1025,1029
3280,1026,1025
3281,1026,1027
3282,1026,1028
3283,1026,1029
3284,1027,1028
3285,1027,1029
3286,1027,1030
3287,1027,1031
3288,1028,1027
3289,1028,1029
3290,1028,1030
3291,1028,1031
3292,1029,1027
3293,1029,1028
3294,1029,1027
3295,1029,1028
3296,1029,1029
3297,1030,1031
3298,1030,1032
3299,1030,1033
3300,1031,1030
3301,1031,1032
3302,1031,1033
3303,1032,1033
3304,1032,1034
3305,1032,1035
3306,1033,1032
3307,1033,1034
3308,1033,1035
3309,1034,1035
3310,1034,1036
3311,1034,1037
3312,1035,1034
3313,1035,1036
3314,1035,1037
3315,1036,1037
3316,1036,1038
3317,1037,1036
3318,1037,1039
3319,1037,1040
3320,1037,1038
3321,1038,1039
3322,1038,1040
3323,1039,1040
3324,1039,1041
3325,1039,1042
3326,1040,1039
3327,1040,1041
3328,1040,1042
3329,1041,1042
3330,1041,1043
3331,1041,1044
3332,1042,1041
3333,1042,1043
3334,1042,1044
3335,1043,1044
3336,1043,1046
3337,1043,1045
3338,1044,1043
3339,1044,1045
3340,1045,1046
3341,1046,1047
3342,1047,1048
3343,1047,1049
3344,1047,1050
3345,1048,1049
3346,1048,1050
3347,1048,1052
3348,1048,1051
3349,1049,1048
3350,1049,1050
3351,1049,1052
3352,1049,1051
3353,1050,1048
3354,1050,1049
3355,1050,1051
3356,1051,1052
3357,1052,1053
3358,1053,1054
3359,1053,1055
3360,1053,1056
3361,1054,1055
3362,1054,1056
3363,1054,1063
3364,1054,1064
3365,1054,1065
3366,1054,1057
3367,1054,1058
3368,1054,1059
3369,1054,1060
3370,1054,1061
3371,1054,1062
3372,1055,1054
3373,1055,1056
3374,1055,1058
3375,1055,1059
3376,1055,1057
3377,1056,1054
3378,1056,1055
3379,1056,1057
3380,1057,1058
3381,1057,1059
3382,1058,1059
3383,1058,1063
3384,1058,1064
3385,1058,1065
3386,1058,1060
3387,1058,1061
3388,1058,1062
3389,1059,1058
3390,1059,1060
3391,1060,1061
3392,1061,1062
3393,1062,1063
3394,1062,1064
3395,1062,1065
3396,1063,1064
3397,1063,1065
3398,1063,1362
3399,1064,1063
3400,1064,1065
3401,1064,1362
3402,1065,1063
3403,1065,1064
3404,1065,1362
3405,1066,1067
3406,1066,1068
3407,1066,1069
3408,1067,1068
3409,1067,1069
3410,1067,1070
3411,1067,1071
3412,1067,1072
3413,1068,1067
3414,1068,1069
3415,1068,1070
3416,1068,1071
3417,1068,1072
3418,1069,1067
3419,1069,1068
3420,1069,1070
3421,1069,1071
3422,1069,1072
3423,1070,1071
3424,1070,1072
3425,1070,1073
3426,1071,1070
3427,1071,1072
3428,1071,1074
3429,1071,1075
3430,1071,1076
3431,1071,1073
3432,1072,1070
3433,1072,1071
3434,1072,1074
3435,1072,1075
3436,1072,1076
3437,1072,1073
3438,1073,1074
3439,1073,1075
3440,1073,1076
3441,1074,1075
3442,1074,1076
3443,1074,1077
3444,1074,1078
3445,1074,1079
3446,1075,1074
3447,1075,1076
3448,1075,1077
3449,1075,1078
3450,1075,1079
3451,1076,1074
3452,1076,1075
3453,1076,1077
3454,1076,1078
3455,1076,1079
3456,1077,1078
3457,1077,1079
3458,1077,1080
3459,1077,1081
3460,1077,1082
3461,1078,1077
3462,1078,1079
3463,1078,1080
3464,1078,1081
3465,1078,1082
3466,1079,1077
3467,1079,1078
3468,1079,1080
3469,1079,1081
3470,1079,1082
3471,1080,1081
3472,1080,1082
3473,1080,1083
3474,1081,1080
3475,1081,1082
3476,1081,1084
3477,1081,1085
3478,1081,1086
3479,1081,1083
3480,1082,1080
3481,1082,1081
3482,1082,1084
3483,1082,1085
3484,1082,1086
3485,1082,1083
3486,1083,1084
3487,1083,1085
3488,1083,1086
3489,1084,1085
3490,1084,1086
3491,1084,1087
3492,1084,1088
3493,1084,1089
3494,1085,1084
3495,1085,1086
3496,1085,1087
3497,1085,1088
3498,1085,1089
3499,1086,1084
3500,1086,1085
3501,1086,1087
3502,1086,1088
3503,1086,1089
3504,1087,1088
3505,1087,1089
3506,1087,1090
3507,1087,1091
3508,1087,1092
3509,1088,1087
3510,1088,1089
3511,1088,1090
3512,1088,1091
3513,1088,1092
3514,1089,1087
3515,1089,1088
3516,1089,1090
3517,1089,1091
3518,1089,1092
3519,1090,1091
3520,1090,1092
3521,1090,1093
3522,1091,1090
3523,1091,1092
3524,1091,1094
3525,1091,1095
3526,1091,1096
3527,1091,1093
3528,1092,1090
3529,1092,1091
3530,1092,1094
3531,1092,1095
3532,1092,1096
3533,1092,1093
3534,1093,1094
3535,1093,1095
3536,1093,1096
3537,1094,1095
3538,1094,1096
3539,1094,1097
3540,1094,1098
3541,1094,1099
3542,1095,1094
3543,1095,1096
3544,1095,1097
3545,1095,1098
3546,1095,1099
3547,1096,1094
3548,1096,1095
3549,1096,1097
3550,1096,1098
3551,1096,1099
3552,1097,1098
3553,1097,1099
3554,1097,1100
3555,1097,1101
3556,1097,1102
3557,1098,1097
3558,1098,1099
3559,1098,1100
3560,1098,1101
3561,1098,1102
3562,1099,1097
3563,1099,1098
3564,1099,1100
3565,1099,1101
3566,1099,1102
3567,1100,1101
3568,1100,1102
3569,1100,1103
3570,1100,1104
3571,1100,1105
3572,1101,1100
3573,1101,1102
3574,1101,1103
3575,1101,1104
3576,1101,1105
3577,1102,1100
3578,1102,1101
3579,1102,1103
3580,1102,1104
3581,1102,1105
3582,1103,1104
3583,1103,1105
3584,1103,1106
3585,1103,1107
3586,1104,1103
3587,1104,1105
3588,1104,1106
3589,1104,1107
3590,1105,1103
3591,1105,1104
3592,1105,1106
3593,1105,1107
3594,1106,1107
3595,1106,1108
3596,1106,1109
3597,1106,1110
3598,1107,1106
3599,1107,1108
3600,1107,1109
3601,1107,1110
3602,1108,1109
3603,1108,1110
3604,1108,1111
3605,1108,1112
3606,1108,1113
3607,1109,1108
3608,1109,1110
3609,1109,1111
3610,1109,1112
3611,1109,1113
3612,1110,1108
3613,1110,1109
3614,1110,1111
3615,1110,1112
3616,1110,1113
3617,1111,1112
3618,1111,1113
3619,1111,1114
3620,1112,1111
3621,1112,1113
3622,1112,1115
3623,1112,1116
3624,1112,1117
3625,1112,1114
3626,1113,1111
3627,1113,1112
3628,1113,1115
3629,1113,1116
3630,1113,1117
3631,1113,1114
3632,1114,1115
3633,1114,1116
3634,1114,1117
3635,1115,1116
3636,1115,1117
3637,1115,1118
3638,1115,1119
3639,1115,1120
3640,1116,1115
3641,1116,1117
3642,1116,1118
3643,1116,1119
3644,1116,1120
3645,1117,1115
3646,1117,1116
3647,1117,1118
3648,1117,1119
3649,1117,1120
3650,1118,1119
3651,1118,1120
3652,1118,1121
3653,1118,1122
3654,1118,1123
3655,1119,1118
3656,1119,1120
3657,1119,1121
3658,1119,1122
3659,1119,1123
3660,1120,1118
3661,1120,1119
3662,1120,1121
3663,1120,1122
3664,1120,1123
3665,1121,1122
3666,1121,1123
3667,1121,1124
3668,1122,1121
3669,1122,1123
3670,1122,1125
3671,1122,1126
3672,1122,1127
3673,1122,1124
3674,1123,1121
3675,1123,1122
3676,1123,1125
3677,1123,1126
3678,1123,1127
3679,1123,1124
3680,1124,1125
3681,1124,1126
3682,1124,1127
3683,1125,1126
3684,1125,1127
3685,1125,1128
3686,1125,1129
3687,1125,1130
3688,1126,1125
3689,1126,1127
3690,1126,1128
3691,1126,1129
3692,1126,1130
3693,1127,1125
3694,1127,1126
3695,1127,1128
3696,1127,1129
3697,1127,1130
3698,1128,1129
3699,1128,1130
3700,1128,1131
3701,1128,1132
3702,1128,1133
3703,1129,1128
3704,1129,1130
3705,1129,1131
3706,1129,1132
3707,1129,1133
3708,1130,1128
3709,1130,1129
3710,1130,1131
3711,1130,1132
3712,1130,1133
3713,1131,1132
3714,1131,1133
3715,1131,1134
3716,1132,1131
3717,1132,1133
3718,1132,1135
3719,1132,1136
3720,1132,1137
3721,1132,1134
3722,1133,1131
3723,1133,1132
3724,1133,1135
3725,1133,1136
3726,1133,1137
3727,1133,1134
3728,1134,1135
3729,1134,1136
3730,1134,1137
3731,1135,1136
3732,1135,1137
3733,1135,1138
3734,1135,1139
3735,1135,1140
3736,1136,1135
3737,1136,1137
3738,1136,1138
3739,1136,1139
3740,1136,1140
3741,1137,1135
3742,1137,1136
3743,1137,1138
3744,1137,1139
3745,1137,1140
3746,1138,1139
3747,1138,1140
3748,1138,1141
3749,1138,1142
3750,1138,1143
3751,1139,1138
3752,1139,1140
3753,1139,1141
3754,1139,1142
3755,1139,1143
3756,1140,1138
3757,1140,1139
3758,1140,1141
3759,1140,1142
3760,1140,1143
3761,1141,1142
3762,1141,1143
3763,1141,1144
3764,1141,1145
3765,1141,1146
3766,1142,1141
3767,1142,1143
3768,1142,1144
3769,1142,1145
3770,1142,1146
3771,1143,1141
3772,1143,1142
3773,1143,1144
3774,1143,1145
3775,1143,1146
3776,1144,1145
3777,1144,1146
3778,1144,1147
3779,1145,1144
3780,1145,1146
3781,1145,1147
3782,1146,1144
3783,1146,1145
3784,1146,1147
3785,1147,1148
3786,1148,1149
3787,1149,1150
3788,1149,1151
3789,1150,1151
3790,1150,1154
3791,1150,1155
3792,1150,1152
3793,1150,1153
3794,1151,1150
3795,1151,1152
3796,1152,1153
3797,1153,1154
3798,1153,1155
3799,1154,1155
3800,1154,1156
3801,1155,1154
3802,1155,1157
3803,1155,1158
3804,1155,1156
3805,1156,1157
3806,1156,1158
3807,1157,1158
3808,1157,1159
3809,1157,1160
3810,1158,1157
3811,1158,1159
3812,1158,1160
3813,1159,1160
3814,1159,1162
3815,1159,1163
3816,1159,1161
3817,1160,1159
3818,1160,1161
3819,1161,1162
3820,1161,1163
3821,1162,1163
3822,1162,1164
3823,1163,1162
3824,1163,1164
3825,1164,1165
3826,1164,1166
3827,1165,1166
3828,1165,1167
3829,1165,1168
3830,1166,1165
3831,1166,1167
3832,1166,1168
3833,1167,1168
3834,1167,1169
3835,1167,1170
3836,1168,1167
3837,1168,1169
3838,1168,1170
3839,1169,1170
3840,1169,1171
3841,1169,1172
3842,1170,1169
3843,1170,1171
3844,1170,1172
3845,1171,1172
3846,1171,1173
3847,1171,1174
3848,1172,1171
3849,1172,1173
3850,1172,1174
3851,1173,1174
3852,1173,1175
3853,1173,1176
3854,1174,1173
3855,1174,1175
3856,1174,1176
3857,1175,1176
3858,1175,1177
3859,1175,1178
3860,1176,1175
3861,1176,1177
3862,1176,1178
3863,1177,1178
3864,1177,1179
3865,1177,1180
3866,1178,1177
3867,1178,1179
3868,1178,1180
3869,1179,1180
3870,1179,1181
3871,1179,1182
3872,1180,1179
3873,1180,1181
3874,1180,1182
3875,1181,1182
3876,1181,1183
3877,1181,1184
3878,1182,1181
3879,1182,1183
3880,1182,1184
3881,1183,1184
3882,1183,1185
3883,1183,1186
3884,1184,1183
3885,1184,1185
3886,1184,1186
3887,1185,1186
3888,1185,1187
3889,1185,1188
3890,1186,1185
3891,1186,1187
3892,1186,1188
3893,1187,1188
3894,1187,1189
3895,1187,1190
3896,1188,1187
3897,1188,1189
3898,1188,1190
3899,1189,1190
3900,1189,1191
3901,1189,1192
3902,1190,1189
3903,1190,1191
3904,1190,1192
3905,1191,1192
3906,1191,1194
3907,1191,1195
3908,1191,1196
3909,1191,1193
3910,1192,1191
3911,1192,1193
3912,1193,1194
3913,1193,1195
3914,1193,1196
3915,1194,1195
3916,1194,1196
3917,1194,1198
3918,1194,1199
3919,1194,1200
3920,1194,1197
3921,1195,1194
3922,1195,1196
3923,1195,1198
3924,1195,1199
3925,1195,1200
3926,1195,1197
3927,1196,1194
3928,1196,1195
3929,1196,1197
3930,1197,1198
3931,1197,1199
3932,1197,1200
3933,1198,1199
3934,1198,1200
3935,1198,1201
3936,1198,1202
3937,1198,1203
3938,1199,1198
3939,1199,1200
3940,1199,1201
3941,1199,1202
3942,1199,1203
3943,1200,1198
3944,1200,1199
3945,1200,1201
3946,1200,1202
3947,1200,1203
3948,1201,1202
3949,1201,1203
3950,1201,1204
3951,1202,1201
3952,1202,1203
3953,1202,1204
3954,1203,1201
3955,1203,1202
3956,1203,1204
3957,1204,1205
3958,1205,1206
3959,1205,1207
3960,1206,1207
3961,1206,1208
3962,1206,1209
3963,1207,1206
3964,1207,1208
3965,1207,1209
3966,1208,1209
3967,1208,1210
3968,1208,1211
3969,1209,1208
3970,1209,1210
3971,1209,1211
3972,1210,1211
3973,1210,1212
3974,1210,1213
3975,1211,1210
3976,1211,1212
3977,1211,1213
3978,1212,1213
3979,1212,1214
3980,1213,1212
3981,1213,1215
3982,1213,1214
3983,1214,1217
3984,1214,1218
3985,1214,1215
3986,1214,1216
3987,1215,1216
3988,1216,1217
3989,1216,1218
3990,1217,1218
3991,1217,1219
3992,1217,1220
3993,1218,1217
3994,1218,1219
3995,1218,1220
3996,1219,1220
3997,1219,1221
3998,1219,1222
3999,1220,1219
4000,1220,1221
4001,1220,1222
4002,1221,1222
4003,1221,1223
4004,1221,1224
4005,1222,1221
4006,1222,1223
4007,1222,1224
4008,1223,1224
4009,1223,1225
4010,1223,1226
4011,1224,1223
4012,1224,1225
4013,1224,1226
4014,1225,1226
4015,1225,1227
4016,1225,1228
4017,1226,1225
4018,1226,1227
4019,1226,1228
4020,1227,1228
4021,1227,1229
4022,1227,1230
4023,1228,1227
4024,1228,1229
4025,1228,1230
4026,1229,1230
4027,1229,1231
4028,1230,1229
4029,1230,1232
4030,1230,1231
4031,1231,1234
4032,1231,1235
4033,1231,1232
4034,1231,1233
4035,1232,1233
4036,1233,1234
4037,1233,1235
4038,1234,1235
4039,1234,1236
4040,1234,1237
4041,1235,1234
4042,1235,1236
4043,1235,1237
4044,1236,1237
4045,1236,1238
4046,1236,1239
4047,1237,1236
4048,1237,1238
4049,1237,1239
4050,1238,1239
4051,1238,1240
4052,1238,1241
4053,1239,1238
4054,1239,1240
4055,1239,1241
4056,1240,1241
4057,1240,1242
4058,1240,1243
4059,1241,1240
4060,1241,1242
4061,1241,1243
4062,1242,1243
4063,1242,1244
4064,1242,1245
4065,1243,1242
4066,1243,1244
4067,1243,1245
4068,1244,1245
4069,1244,1246
4070,1244,1247
4071,1245,1244
4072,1245,1246
4073,1245,1247
4074,1246,1247
4075,1246,1248
4076,1246,1249
4077,1247,1246
4078,1247,1248
4079,1247,1249
4080,1248,1249
4081,1248,1250
4082,1248,1251
4083,1249,1248
4084,1249,1250
4085,1249,1251
4086,1250,1251
4087,1250,1252
4088,1250,1253
4089,1251,1250
4090,1251,1252
4091,1251,1253
4092,1252,1253
4093,1252,1254
4094,1252,1255
4095,1253,1252
4096,1253,1254
4097,1253,1255
4098,1254,1255
4099,1254,1256
4100,1254,1257
4101,1254,1258
4102,1254,1259
4103,1254,1260
4104,1255,1254
4105,1255,1256
4106,1255,1257
4107,1255,1258
4108,1255,1259
4109,1255,1260
4110,1256,1257
4111,1256,1258
4112,1256,1259
4113,1256,1260
4114,1257,1256
4115,1257,1258
4116,1257,1259
4117,1257,1260
4118,1258,1256
4119,1258,1257
4120,1258,1259
4121,1258,1260
4122,1259,1256
4123,1259,1257
4124,1259,1258
4125,1259,1260
4126,1260,1256
4127,1260,1257
4128,1260,1258
4129,1260,1259
4130,1261,1262
4131,1262,1263
4132,1263,1264
4133,1263,1265
4134,1264,1265
4135,1264,1267
4136,1264,1268
4137,1264,1266
4138,1265,1264
4139,1265,1266
4140,1266,1267
4141,1266,1268
4142,1267,1268
4143,1267,1270
4144,1267,1271
4145,1267,1269
4146,1268,1267
4147,1268,1269
4148,1269,1270
4149,1269,1271
4150,1270,1271
4151,1270,1273
4152,1270,1274
4153,1270,1272
4154,1271,1270
4155,1271,1272
4156,1272,1273
4157,1272,1274
4158,1273,1274
4159,1273,1276
4160,1273,1277
4161,1273,1275
4162,1274,1273
4163,1274,1275
4164,1275,1276
4165,1275,1277
4166,1276,1277
4167,1276,1279
4168,1276,1280
4169,1276,1278
4170,1277,1276
4171,1277,1278
4172,1278,1279
4173,1278,1280
4174,1279,1280
4175,1279,1282
4176,1279,1283
4177,1279,1281
4178,1280,1279
4179,1280,1281
4180,1281,1282
4181,1281,1283
4182,1282,1283
4183,1282,1285
4184,1282,1286
4185,1282,1284
4186,1283,1282
4187,1283,1284
4188,1284,1285
4189,1284,1286
4190,1285,1286
4191,1285,1288
4192,1285,1289
4193,1285,1287
4194,1286,1285
4195,1286,1287
4196,1287,1288
4197,1287,1289
4198,1288,1289
4199,1288,1290
4200,1289,1288
4201,1289,1297
4202,1289,1298
4203,1289,1299
4204,1289,1300
4205,1289,1290
4206,1289,1291
4207,1289,1292
4208,1289,1293
4209,1289,1294
4210,1289,1295
4211,1289,1296
4212,1290,1291
4213,1291,1292
4214,1292,1293
4215,1293,1294
4216,1294,1295
4217,1295,1296
4218,1296,1297
4219,1296,1298
4220,1296,1299
4221,1296,1300
4222,1297,1298
4223,1297,1299
4224,1297,1300
4225,1297,1301
4226,1298,1297
4227,1298,1300
4228,1298,1302
4229,1298,1301
4230,1299,1297
4231,1299,1300
4232,1299,1297
4233,1299,1298
4234,1299,1299
4235,1299,1300
4236,1300,1297
4237,1300,1298
4238,1300,1299
4239,1300,1297
4240,1300,1298
4241,1300,1299
4242,1300,1300
4243,1301,1302
4244,1302,1303
4245,1303,1304
4246,1304,1307
4247,1304,1308
4248,1304,1305
4249,1304,1306
4250,1305,1306
4251,1305,1307
4252,1305,1308
4253,1306,1305
4254,1306,1307
4255,1306,1308
4256,1307,1308
4257,1307,1309
4258,1307,1310
4259,1308,1307
4260,1308,1309
4261,1308,1310
4262,1309,1310
4263,1309,1311
4264,1309,1312
4265,1309,1313
4266,1310,1309
4267,1310,1311
4268,1310,1312
4269,1310,1313
4270,1311,1312
4271,1311,1313
4272,1311,1314
4273,1312,1311
4274,1312,1313
4275,1312,1315
4276,1312,1314
4277,1313,1311
4278,1313,1312
4279,1313,1315
4280,1313,1314
4281,1314,1315
4282,1315,1316
4283,1316,1317
4284,1317,1320
4285,1317,1321
4286,1317,1318
4287,1317,1319
4288,1318,1319
4289,1318,1320
4290,1318,1321
4291,1319,1318
4292,1319,1320
4293,1319,1321
4294,1320,1321
4295,1320,1322
4296,1320,1323
4297,1321,1320
4298,1321,1322
4299,1321,1323
4300,1322,1323
4301,1322,1324
4302,1322,1325
4303,1322,1326
4304,1323,1322
4305,1323,1324
4306,1323,1325
4307,1323,1326
4308,1324,1325
4309,1324,1326
4310,1324,1327
4311,1325,1324
4312,1325,1326
4313,1325,1328
4314,1325,1327
4315,1326,1324
4316,1326,1325
4317,1326,1328
4318,1326,1327
4319,1327,1328
4320,1328,1329
4321,1329,1330
4322,1330,1333
4323,1330,1334
4324,1330,1331
4325,1330,1332
4326,1331,1332
4327,1331,1333
4328,1331,1334
4329,1332,1331
4330,1332,1333
4331,1332,1334
4332,1333,1334
4333,1333,1335
4334,1333,1336
4335,1334,1333
4336,1334,1335
4337,1334,1336
4338,1335,1336
4339,1335,1337
4340,1335,1338
4341,1335,1339
4342,1336,1335
4343,1336,1337
4344,1336,1338
4345,1336,1339
4346,1337,1338
4347,1337,1339
4348,1337,1340
4349,1338,1337
4350,1338,1339
4351,1338,1341
4352,1338,1340
4353,1339,1337
4354,1339,1338
4355,1339,1341
4356,1339,1340
4357,1340,1341
4358,1341,1342
4359,1342,1343
4360,1343,1346
4361,1343,1347
4362,1343,1344
4363,1343,1345
4364,1344,1345
4365,1344,1346
4366,1344,1347
4367,1345,1344
4368,1345,1346
4369,1345,1347
4370,1346,1347
4371,1346,1348
4372,1346,1349
4373,1347,1346
4374,1347,1348
4375,1347,1349
4376,1348,1349
4377,1348,1350
4378,1348,1351
4379,1348,1352
4380,1349,1348
4381,1349,1350
4382,1349,1351
4383,1349,1352
4384,1350,1351
4385,1350,1352
4386,1351,1350
4387,1351,1352
4388,1352,1350
4389,1352,1351
4390,1353,1354
4391,1353,1355
4392,1354,1353
4393,1354,1355
4394,1355,1353
4395,1355,1354
4396,1356,1357
4397,1356,1358
4398,1357,1356
4399,1357,1358
4400,1358,1356
4401,1358,1357
4402,1359,112
4403,1362,1066
